Record Length,2.500000e+03,,  -2.520000000000,   0.02400,
Sample Interval,2.000000e-03,,  -2.518000000000,   0.01600,
Trigger Point,1.260000000000e+03,,  -2.516000000000,   0.01600,
,,,  -2.514000000000,   0.01200,
,,,  -2.512000000000,   0.01600,
,,,  -2.510000000000,   0.01600,
Source,CH1,,  -2.508000000000,   0.01200,
Vertical Units,V,,  -2.506000000000,   0.01600,
Vertical Scale,1.000000e-01,,  -2.504000000000,   0.01200,
Vertical Offset,0.000000e+00,,  -2.502000000000,   0.01200,
Horizontal Units,s,,  -2.500000000000,   0.17600,
Horizontal Scale,5.000000e-01,,  -2.498000000000,   0.02000,
Pt Fmt,Y,,  -2.496000000000,   0.04800,
Yzero,0.000000e+00,,  -2.494000000000,   0.01200,
Probe Atten,1.000000e+00,,  -2.492000000000,   0.01200,
Model Number,TBS1072B,,  -2.490000000000,   0.01200,
Serial Number,C010421,,  -2.488000000000,   0.01200,
Firmware Version,FV:v2.00,,  -2.486000000000,   0.01200,
,,,-02.484000000000,   0.01200,
,,,-02.482000000000,   0.01200,
,,,-02.480000000000,   0.01600,
,,,-02.478000000000,   0.01600,
,,,-02.476000000000,   0.01200,
,,,-02.474000000000,   0.01200,
,,,-02.472000000000,   0.01200,
,,,-02.470000000000,   0.01600,
,,,-02.468000000000,   0.01200,
,,,-02.466000000000,   0.02000,
,,,-02.464000000000,   0.01600,
,,,-02.462000000000,   0.01200,
,,,-02.460000000000,   0.01200,
,,,-02.458000000000,   0.00800,
,,,-02.456000000000,   0.01600,
,,,-02.454000000000,   0.01600,
,,,-02.452000000000,   0.00800,
,,,-02.450000000000,   0.01600,
,,,-02.448000000000,   0.01200,
,,,-02.446000000000,   0.01600,
,,,-02.444000000000,   0.01200,
,,,-02.442000000000,   0.02400,
,,,-02.440000000000,   0.01600,
,,,-02.438000000000,   0.01600,
,,,-02.436000000000,   0.01600,
,,,-02.434000000000,   0.01200,
,,,-02.432000000000,   0.01200,
,,,-02.430000000000,   0.01600,
,,,-02.428000000000,   0.01200,
,,,-02.426000000000,   0.02000,
,,,-02.424000000000,   0.01200,
,,,-02.422000000000,   0.01200,
,,,-02.420000000000,   0.01200,
,,,-02.418000000000,   0.01600,
,,,-02.416000000000,   0.01600,
,,,-02.414000000000,   0.01600,
,,,-02.412000000000,   0.01600,
,,,-02.410000000000,   0.01200,
,,,-02.408000000000,   0.01200,
,,,-02.406000000000,   0.01200,
,,,-02.404000000000,   0.02000,
,,,-02.402000000000,   0.00800,
,,,-02.400000000000,   0.01200,
,,,-02.398000000000,   0.01600,
,,,-02.396000000000,   0.01600,
,,,-02.394000000000,   0.01600,
,,,-02.392000000000,   0.01600,
,,,-02.390000000000,   0.02000,
,,,-02.388000000000,  -0.01200,
,,,-02.386000000000,   0.01200,
,,,-02.384000000000,   0.02000,
,,,-02.382000000000,   0.02000,
,,,-02.380000000000,   0.01200,
,,,-02.378000000000,   0.02000,
,,,-02.376000000000,   0.01200,
,,,-02.374000000000,   0.01200,
,,,-02.372000000000,   0.01200,
,,,-02.370000000000,   0.01600,
,,,-02.368000000000,   0.00800,
,,,-02.366000000000,   0.01200,
,,,-02.364000000000,   0.01600,
,,,-02.362000000000,   0.01200,
,,,-02.360000000000,   0.01600,
,,,-02.358000000000,   0.01200,
,,,-02.356000000000,   0.01200,
,,,-02.354000000000,   0.01600,
,,,-02.352000000000,   0.01600,
,,,-02.350000000000,   0.01600,
,,,-02.348000000000,   0.00800,
,,,-02.346000000000,   0.01200,
,,,-02.344000000000,   0.02400,
,,,-02.342000000000,   0.01200,
,,,-02.340000000000,   0.01200,
,,,-02.338000000000,   0.01600,
,,,-02.336000000000,   0.01600,
,,,-02.334000000000,   0.04800,
,,,-02.332000000000,   0.02000,
,,,-02.330000000000,   0.01600,
,,,-02.328000000000,   0.01200,
,,,-02.326000000000,   0.02400,
,,,-02.324000000000,   0.01200,
,,,-02.322000000000,   0.01200,
,,,-02.320000000000,   0.01600,
,,,-02.318000000000,   0.01600,
,,,-02.316000000000,   0.01600,
,,,-02.314000000000,   0.01200,
,,,-02.312000000000,   0.01600,
,,,-02.310000000000,   0.00800,
,,,-02.308000000000,   0.01200,
,,,-02.306000000000,   0.02000,
,,,-02.304000000000,   0.01200,
,,,-02.302000000000,   0.01200,
,,,-02.300000000000,   0.01200,
,,,-02.298000000000,   0.01600,
,,,-02.296000000000,   0.00800,
,,,-02.294000000000,   0.02400,
,,,-02.292000000000,   0.02000,
,,,-02.290000000000,   0.01200,
,,,-02.288000000000,   0.01200,
,,,-02.286000000000,   0.01600,
,,,-02.284000000000,   0.01600,
,,,-02.282000000000,   0.01200,
,,,-02.280000000000,   0.04800,
,,,-02.278000000000,   0.01200,
,,,-02.276000000000,   0.01600,
,,,-02.274000000000,   0.01600,
,,,-02.272000000000,   0.00800,
,,,-02.270000000000,   0.02000,
,,,-02.268000000000,   0.01600,
,,,-02.266000000000,   0.01600,
,,,-02.264000000000,   0.00800,
,,,-02.262000000000,   0.01600,
,,,-02.260000000000,   0.01200,
,,,-02.258000000000,   0.01200,
,,,-02.256000000000,   0.01200,
,,,-02.254000000000,   0.02000,
,,,-02.252000000000,   0.01200,
,,,-02.250000000000,   0.14000,
,,,-02.248000000000,   0.01600,
,,,-02.246000000000,   0.01200,
,,,-02.244000000000,   0.01600,
,,,-02.242000000000,   0.00800,
,,,-02.240000000000,   0.01200,
,,,-02.238000000000,   0.01200,
,,,-02.236000000000,   0.02000,
,,,-02.234000000000,   0.01600,
,,,-02.232000000000,   0.01200,
,,,-02.230000000000,   0.01200,
,,,-02.228000000000,   0.01200,
,,,-02.226000000000,   0.01600,
,,,-02.224000000000,   0.01200,
,,,-02.222000000000,   0.01600,
,,,-02.220000000000,   0.01200,
,,,-02.218000000000,   0.03600,
,,,-02.216000000000,   0.01200,
,,,-02.214000000000,   0.01600,
,,,-02.212000000000,   0.02000,
,,,-02.210000000000,   0.01200,
,,,-02.208000000000,   0.01200,
,,,-02.206000000000,   0.01200,
,,,-02.204000000000,   0.01200,
,,,-02.202000000000,   0.01200,
,,,-02.200000000000,   0.01200,
,,,-02.198000000000,   0.01600,
,,,-02.196000000000,   0.01600,
,,,-02.194000000000,   0.01600,
,,,-02.192000000000,   0.02000,
,,,-02.190000000000,   0.01600,
,,,-02.188000000000,   0.01600,
,,,-02.186000000000,   0.01600,
,,,-02.184000000000,   0.01200,
,,,-02.182000000000,   0.01600,
,,,-02.180000000000,   0.01600,
,,,-02.178000000000,   0.01600,
,,,-02.176000000000,   0.01200,
,,,-02.174000000000,   0.01200,
,,,-02.172000000000,   0.01600,
,,,-02.170000000000,   0.01200,
,,,-02.168000000000,   0.02000,
,,,-02.166000000000,   0.01600,
,,,-02.164000000000,   0.03200,
,,,-02.162000000000,   0.00800,
,,,-02.160000000000,   0.01600,
,,,-02.158000000000,   0.01200,
,,,-02.156000000000,   0.01200,
,,,-02.154000000000,   0.01600,
,,,-02.152000000000,   0.01600,
,,,-02.150000000000,   0.01200,
,,,-02.148000000000,   0.01600,
,,,-02.146000000000,   0.01200,
,,,-02.144000000000,   0.01200,
,,,-02.142000000000,   0.01600,
,,,-02.140000000000,   0.01600,
,,,-02.138000000000,   0.01600,
,,,-02.136000000000,   0.02000,
,,,-02.134000000000,   0.01200,
,,,-02.132000000000,   0.01200,
,,,-02.130000000000,   0.01200,
,,,-02.128000000000,   0.01600,
,,,-02.126000000000,   0.01600,
,,,-02.124000000000,   0.01600,
,,,-02.122000000000,   0.01200,
,,,-02.120000000000,   0.01600,
,,,-02.118000000000,   0.01600,
,,,-02.116000000000,   0.01200,
,,,-02.114000000000,   0.01600,
,,,-02.112000000000,   0.01600,
,,,-02.110000000000,   0.02800,
,,,-02.108000000000,   0.02000,
,,,-02.106000000000,   0.01200,
,,,-02.104000000000,   0.01200,
,,,-02.102000000000,   0.01200,
,,,-02.100000000000,   0.01200,
,,,-02.098000000000,   0.01200,
,,,-02.096000000000,   0.01600,
,,,-02.094000000000,   0.01200,
,,,-02.092000000000,   0.01200,
,,,-02.090000000000,   0.01200,
,,,-02.088000000000,   0.01200,
,,,-02.086000000000,   0.02000,
,,,-02.084000000000,   0.01200,
,,,-02.082000000000,   0.02000,
,,,-02.080000000000,   0.01200,
,,,-02.078000000000,   0.01600,
,,,-02.076000000000,   0.01200,
,,,-02.074000000000,   0.01200,
,,,-02.072000000000,   0.01600,
,,,-02.070000000000,   0.01600,
,,,-02.068000000000,   0.02000,
,,,-02.066000000000,   0.01600,
,,,-02.064000000000,   0.01600,
,,,-02.062000000000,   0.01600,
,,,-02.060000000000,   0.01600,
,,,-02.058000000000,   0.01200,
,,,-02.056000000000,   0.04400,
,,,-02.054000000000,   0.01600,
,,,-02.052000000000,   0.02000,
,,,-02.050000000000,   0.01600,
,,,-02.048000000000,   0.02000,
,,,-02.046000000000,   0.02000,
,,,-02.044000000000,   0.01200,
,,,-02.042000000000,   0.01200,
,,,-02.040000000000,   0.01200,
,,,-02.038000000000,   0.01200,
,,,-02.036000000000,   0.02000,
,,,-02.034000000000,   0.01200,
,,,-02.032000000000,   0.01200,
,,,-02.030000000000,   0.01200,
,,,-02.028000000000,   0.02400,
,,,-02.026000000000,   0.02000,
,,,-02.024000000000,   0.01200,
,,,-02.022000000000,   0.01600,
,,,-02.020000000000,   0.01600,
,,,-02.018000000000,   0.01200,
,,,-02.016000000000,   0.01200,
,,,-02.014000000000,   0.01600,
,,,-02.012000000000,   0.01200,
,,,-02.010000000000,   0.01600,
,,,-02.008000000000,   0.01200,
,,,-02.006000000000,   0.01200,
,,,-02.004000000000,   0.01600,
,,,-02.002000000000,   0.02400,
,,,-02.000000000000,   0.12800,
,,,-01.998000000000,   0.01200,
,,,-01.996000000000,   0.01200,
,,,-01.994000000000,   0.02000,
,,,-01.992000000000,   0.02000,
,,,-01.990000000000,   0.01600,
,,,-01.988000000000,   0.01200,
,,,-01.986000000000,   0.01200,
,,,-01.984000000000,   0.01600,
,,,-01.982000000000,   0.01200,
,,,-01.980000000000,   0.01200,
,,,-01.978000000000,   0.01200,
,,,-01.976000000000,   0.02000,
,,,-01.974000000000,   0.01600,
,,,-01.972000000000,   0.02000,
,,,-01.970000000000,   0.01200,
,,,-01.968000000000,   0.01600,
,,,-01.966000000000,   0.01200,
,,,-01.964000000000,   0.01600,
,,,-01.962000000000,   0.01200,
,,,-01.960000000000,   0.01200,
,,,-01.958000000000,   0.01600,
,,,-01.956000000000,   0.01200,
,,,-01.954000000000,   0.02000,
,,,-01.952000000000,   0.01200,
,,,-01.950000000000,   0.01600,
,,,-01.948000000000,   0.01200,
,,,-01.946000000000,   0.00800,
,,,-01.944000000000,   0.00800,
,,,-01.942000000000,   0.01600,
,,,-01.940000000000,   0.03200,
,,,-01.938000000000,   0.01200,
,,,-01.936000000000,   0.01200,
,,,-01.934000000000,   0.01200,
,,,-01.932000000000,   0.02000,
,,,-01.930000000000,   0.01200,
,,,-01.928000000000,   0.01200,
,,,-01.926000000000,   0.01200,
,,,-01.924000000000,   0.01200,
,,,-01.922000000000,   0.02000,
,,,-01.920000000000,   0.01200,
,,,-01.918000000000,   0.01200,
,,,-01.916000000000,   0.01600,
,,,-01.914000000000,   0.01600,
,,,-01.912000000000,   0.01200,
,,,-01.910000000000,   0.01600,
,,,-01.908000000000,   0.01200,
,,,-01.906000000000,   0.01200,
,,,-01.904000000000,   0.01200,
,,,-01.902000000000,   0.01200,
,,,-01.900000000000,   0.01600,
,,,-01.898000000000,   0.02000,
,,,-01.896000000000,   0.01200,
,,,-01.894000000000,   0.02000,
,,,-01.892000000000,   0.01200,
,,,-01.890000000000,   0.01200,
,,,-01.888000000000,   0.01200,
,,,-01.886000000000,   0.03200,
,,,-01.884000000000,   0.01200,
,,,-01.882000000000,   0.01600,
,,,-01.880000000000,   0.01200,
,,,-01.878000000000,   0.01200,
,,,-01.876000000000,   0.01600,
,,,-01.874000000000,   0.01200,
,,,-01.872000000000,   0.01600,
,,,-01.870000000000,   0.01600,
,,,-01.868000000000,   0.02000,
,,,-01.866000000000,   0.01200,
,,,-01.864000000000,   0.02000,
,,,-01.862000000000,   0.01600,
,,,-01.860000000000,   0.01600,
,,,-01.858000000000,   0.01600,
,,,-01.856000000000,   0.01200,
,,,-01.854000000000,   0.01200,
,,,-01.852000000000,   0.02000,
,,,-01.850000000000,   0.01200,
,,,-01.848000000000,   0.01200,
,,,-01.846000000000,   0.01200,
,,,-01.844000000000,   0.01200,
,,,-01.842000000000,   0.02000,
,,,-01.840000000000,   0.01600,
,,,-01.838000000000,   0.01200,
,,,-01.836000000000,   0.01600,
,,,-01.834000000000,   0.01200,
,,,-01.832000000000,   0.02400,
,,,-01.830000000000,   0.01200,
,,,-01.828000000000,   0.02000,
,,,-01.826000000000,   0.01200,
,,,-01.824000000000,   0.01600,
,,,-01.822000000000,   0.01600,
,,,-01.820000000000,   0.01600,
,,,-01.818000000000,   0.01200,
,,,-01.816000000000,   0.01200,
,,,-01.814000000000,   0.01200,
,,,-01.812000000000,   0.01600,
,,,-01.810000000000,   0.01200,
,,,-01.808000000000,   0.01200,
,,,-01.806000000000,   0.01200,
,,,-01.804000000000,   0.01600,
,,,-01.802000000000,   0.01600,
,,,-01.800000000000,   0.02000,
,,,-01.798000000000,   0.01600,
,,,-01.796000000000,   0.01200,
,,,-01.794000000000,   0.01200,
,,,-01.792000000000,   0.02000,
,,,-01.790000000000,   0.01600,
,,,-01.788000000000,   0.01600,
,,,-01.786000000000,   0.01200,
,,,-01.784000000000,   0.01200,
,,,-01.782000000000,   0.01200,
,,,-01.780000000000,   0.01200,
,,,-01.778000000000,   0.02800,
,,,-01.776000000000,   0.01600,
,,,-01.774000000000,   0.01600,
,,,-01.772000000000,   0.01200,
,,,-01.770000000000,   0.01200,
,,,-01.768000000000,   0.01600,
,,,-01.766000000000,   0.01200,
,,,-01.764000000000,   0.01200,
,,,-01.762000000000,   0.01600,
,,,-01.760000000000,   0.02000,
,,,-01.758000000000,   0.01200,
,,,-01.756000000000,   0.01200,
,,,-01.754000000000,   0.01600,
,,,-01.752000000000,   0.01200,
,,,-01.750000000000,   0.14400,
,,,-01.748000000000,   0.01200,
,,,-01.746000000000,   0.01200,
,,,-01.744000000000,   0.02000,
,,,-01.742000000000,   0.01600,
,,,-01.740000000000,   0.02000,
,,,-01.738000000000,   0.01200,
,,,-01.736000000000,   0.01200,
,,,-01.734000000000,   0.01200,
,,,-01.732000000000,   0.01600,
,,,-01.730000000000,   0.01200,
,,,-01.728000000000,   0.01600,
,,,-01.726000000000,   0.01200,
,,,-01.724000000000,   0.02400,
,,,-01.722000000000,   0.01200,
,,,-01.720000000000,   0.01200,
,,,-01.718000000000,   0.01200,
,,,-01.716000000000,  -0.01200,
,,,-01.714000000000,   0.01200,
,,,-01.712000000000,   0.01600,
,,,-01.710000000000,   0.01200,
,,,-01.708000000000,   0.01600,
,,,-01.706000000000,   0.01200,
,,,-01.704000000000,   0.01600,
,,,-01.702000000000,   0.01600,
,,,-01.700000000000,   0.01200,
,,,-01.698000000000,   0.02000,
,,,-01.696000000000,   0.01600,
,,,-01.694000000000,   0.01200,
,,,-01.692000000000,   0.02000,
,,,-01.690000000000,   0.01600,
,,,-01.688000000000,   0.02000,
,,,-01.686000000000,   0.02400,
,,,-01.684000000000,   0.01200,
,,,-01.682000000000,   0.01200,
,,,-01.680000000000,   0.01600,
,,,-01.678000000000,   0.01600,
,,,-01.676000000000,   0.01200,
,,,-01.674000000000,   0.02000,
,,,-01.672000000000,   0.01200,
,,,-01.670000000000,   0.01600,
,,,-01.668000000000,   0.01600,
,,,-01.666000000000,   0.02000,
,,,-01.664000000000,   0.01200,
,,,-01.662000000000,  -0.01200,
,,,-01.660000000000,   0.01200,
,,,-01.658000000000,   0.01600,
,,,-01.656000000000,   0.01600,
,,,-01.654000000000,   0.01200,
,,,-01.652000000000,   0.01200,
,,,-01.650000000000,   0.01200,
,,,-01.648000000000,   0.01600,
,,,-01.646000000000,   0.00400,
,,,-01.644000000000,   0.01200,
,,,-01.642000000000,   0.02000,
,,,-01.640000000000,   0.01200,
,,,-01.638000000000,   0.01200,
,,,-01.636000000000,   0.01200,
,,,-01.634000000000,   0.01200,
,,,-01.632000000000,   0.01600,
,,,-01.630000000000,   0.01600,
,,,-01.628000000000,   0.01200,
,,,-01.626000000000,   0.01600,
,,,-01.624000000000,   0.01600,
,,,-01.622000000000,   0.01600,
,,,-01.620000000000,   0.01200,
,,,-01.618000000000,   0.01600,
,,,-01.616000000000,   0.01200,
,,,-01.614000000000,   0.02000,
,,,-01.612000000000,   0.01600,
,,,-01.610000000000,   0.02000,
,,,-01.608000000000,   0.00000,
,,,-01.606000000000,   0.01200,
,,,-01.604000000000,   0.01200,
,,,-01.602000000000,   0.02000,
,,,-01.600000000000,   0.01200,
,,,-01.598000000000,   0.01600,
,,,-01.596000000000,   0.01200,
,,,-01.594000000000,   0.01200,
,,,-01.592000000000,   0.01600,
,,,-01.590000000000,   0.01600,
,,,-01.588000000000,   0.01200,
,,,-01.586000000000,   0.02000,
,,,-01.584000000000,   0.01200,
,,,-01.582000000000,   0.01600,
,,,-01.580000000000,   0.01200,
,,,-01.578000000000,   0.01600,
,,,-01.576000000000,   0.01600,
,,,-01.574000000000,   0.01600,
,,,-01.572000000000,   0.01600,
,,,-01.570000000000,   0.01200,
,,,-01.568000000000,   0.01600,
,,,-01.566000000000,   0.01200,
,,,-01.564000000000,   0.01600,
,,,-01.562000000000,   0.01200,
,,,-01.560000000000,   0.02000,
,,,-01.558000000000,   0.01600,
,,,-01.556000000000,   0.01200,
,,,-01.554000000000,   0.00800,
,,,-01.552000000000,   0.02000,
,,,-01.550000000000,   0.01600,
,,,-01.548000000000,   0.01600,
,,,-01.546000000000,   0.01200,
,,,-01.544000000000,   0.01200,
,,,-01.542000000000,   0.01200,
,,,-01.540000000000,   0.01600,
,,,-01.538000000000,   0.00800,
,,,-01.536000000000,   0.01200,
,,,-01.534000000000,   0.01600,
,,,-01.532000000000,   0.00800,
,,,-01.530000000000,   0.01600,
,,,-01.528000000000,   0.01600,
,,,-01.526000000000,   0.01600,
,,,-01.524000000000,   0.01200,
,,,-01.522000000000,   0.01600,
,,,-01.520000000000,   0.01200,
,,,-01.518000000000,   0.01600,
,,,-01.516000000000,   0.01200,
,,,-01.514000000000,   0.02000,
,,,-01.512000000000,   0.01600,
,,,-01.510000000000,   0.01200,
,,,-01.508000000000,   0.01200,
,,,-01.506000000000,   0.01200,
,,,-01.504000000000,   0.01600,
,,,-01.502000000000,   0.01200,
,,,-01.500000000000,   0.20000,
,,,-01.498000000000,   0.01200,
,,,-01.496000000000,   0.01600,
,,,-01.494000000000,   0.01600,
,,,-01.492000000000,   0.01600,
,,,-01.490000000000,   0.01200,
,,,-01.488000000000,   0.01200,
,,,-01.486000000000,   0.01200,
,,,-01.484000000000,   0.02000,
,,,-01.482000000000,   0.01200,
,,,-01.480000000000,   0.02000,
,,,-01.478000000000,   0.01200,
,,,-01.476000000000,   0.01200,
,,,-01.474000000000,   0.01200,
,,,-01.472000000000,   0.01200,
,,,-01.470000000000,   0.01600,
,,,-01.468000000000,   0.01600,
,,,-01.466000000000,   0.01600,
,,,-01.464000000000,   0.01200,
,,,-01.462000000000,   0.02400,
,,,-01.460000000000,   0.01600,
,,,-01.458000000000,   0.01200,
,,,-01.456000000000,   0.01200,
,,,-01.454000000000,   0.01200,
,,,-01.452000000000,   0.01200,
,,,-01.450000000000,   0.01200,
,,,-01.448000000000,   0.01600,
,,,-01.446000000000,   0.04800,
,,,-01.444000000000,   0.02000,
,,,-01.442000000000,   0.01200,
,,,-01.440000000000,   0.01200,
,,,-01.438000000000,   0.01200,
,,,-01.436000000000,   0.01200,
,,,-01.434000000000,   0.01200,
,,,-01.432000000000,   0.01600,
,,,-01.430000000000,   0.02000,
,,,-01.428000000000,   0.02000,
,,,-01.426000000000,   0.02000,
,,,-01.424000000000,   0.02000,
,,,-01.422000000000,   0.01200,
,,,-01.420000000000,   0.01200,
,,,-01.418000000000,   0.01200,
,,,-01.416000000000,   0.02000,
,,,-01.414000000000,   0.02000,
,,,-01.412000000000,   0.01200,
,,,-01.410000000000,   0.01200,
,,,-01.408000000000,   0.01600,
,,,-01.406000000000,   0.00800,
,,,-01.404000000000,   0.02400,
,,,-01.402000000000,   0.01600,
,,,-01.400000000000,   0.01600,
,,,-01.398000000000,   0.01200,
,,,-01.396000000000,   0.01600,
,,,-01.394000000000,   0.01200,
,,,-01.392000000000,   0.03600,
,,,-01.390000000000,   0.01600,
,,,-01.388000000000,   0.00800,
,,,-01.386000000000,   0.01600,
,,,-01.384000000000,   0.01200,
,,,-01.382000000000,   0.01600,
,,,-01.380000000000,   0.01600,
,,,-01.378000000000,   0.02000,
,,,-01.376000000000,   0.01600,
,,,-01.374000000000,   0.01600,
,,,-01.372000000000,   0.01200,
,,,-01.370000000000,   0.01200,
,,,-01.368000000000,   0.01200,
,,,-01.366000000000,   0.01200,
,,,-01.364000000000,   0.01600,
,,,-01.362000000000,   0.01600,
,,,-01.360000000000,   0.01200,
,,,-01.358000000000,   0.01200,
,,,-01.356000000000,   0.01600,
,,,-01.354000000000,   0.01200,
,,,-01.352000000000,   0.01200,
,,,-01.350000000000,   0.01600,
,,,-01.348000000000,   0.01600,
,,,-01.346000000000,   0.00800,
,,,-01.344000000000,   0.01600,
,,,-01.342000000000,   0.01200,
,,,-01.340000000000,   0.01600,
,,,-01.338000000000,   0.04400,
,,,-01.336000000000,   0.01200,
,,,-01.334000000000,   0.01200,
,,,-01.332000000000,   0.01200,
,,,-01.330000000000,   0.01200,
,,,-01.328000000000,   0.01200,
,,,-01.326000000000,   0.01200,
,,,-01.324000000000,   0.01200,
,,,-01.322000000000,   0.01600,
,,,-01.320000000000,   0.01600,
,,,-01.318000000000,   0.02400,
,,,-01.316000000000,   0.01600,
,,,-01.314000000000,   0.01200,
,,,-01.312000000000,   0.01600,
,,,-01.310000000000,   0.01200,
,,,-01.308000000000,   0.00800,
,,,-01.306000000000,   0.01200,
,,,-01.304000000000,   0.01200,
,,,-01.302000000000,   0.01600,
,,,-01.300000000000,   0.00800,
,,,-01.298000000000,   0.01200,
,,,-01.296000000000,   0.01600,
,,,-01.294000000000,   0.00800,
,,,-01.292000000000,   0.02000,
,,,-01.290000000000,   0.01600,
,,,-01.288000000000,   0.01200,
,,,-01.286000000000,   0.00800,
,,,-01.284000000000,   0.04800,
,,,-01.282000000000,   0.01200,
,,,-01.280000000000,   0.02000,
,,,-01.278000000000,   0.01600,
,,,-01.276000000000,   0.02000,
,,,-01.274000000000,   0.01200,
,,,-01.272000000000,   0.01600,
,,,-01.270000000000,   0.01200,
,,,-01.268000000000,   0.01600,
,,,-01.266000000000,   0.01600,
,,,-01.264000000000,   0.01200,
,,,-01.262000000000,   0.01600,
,,,-01.260000000000,   0.01200,
,,,-01.258000000000,   0.02400,
,,,-01.256000000000,   0.01200,
,,,-01.254000000000,   0.01600,
,,,-01.252000000000,   0.01200,
,,,-01.250000000000,   0.14000,
,,,-01.248000000000,   0.01600,
,,,-01.246000000000,   0.02000,
,,,-01.244000000000,   0.01600,
,,,-01.242000000000,   0.01200,
,,,-01.240000000000,   0.02000,
,,,-01.238000000000,   0.01600,
,,,-01.236000000000,   0.01200,
,,,-01.234000000000,   0.01200,
,,,-01.232000000000,   0.01200,
,,,-01.230000000000,   0.01600,
,,,-01.228000000000,   0.01600,
,,,-01.226000000000,   0.01200,
,,,-01.224000000000,   0.01200,
,,,-01.222000000000,   0.03200,
,,,-01.220000000000,   0.01600,
,,,-01.218000000000,   0.02000,
,,,-01.216000000000,   0.01200,
,,,-01.214000000000,   0.00800,
,,,-01.212000000000,   0.01600,
,,,-01.210000000000,   0.01600,
,,,-01.208000000000,   0.02000,
,,,-01.206000000000,   0.01600,
,,,-01.204000000000,   0.01600,
,,,-01.202000000000,   0.02000,
,,,-01.200000000000,   0.01600,
,,,-01.198000000000,   0.00800,
,,,-01.196000000000,   0.01200,
,,,-01.194000000000,   0.01200,
,,,-01.192000000000,   0.00800,
,,,-01.190000000000,   0.01600,
,,,-01.188000000000,   0.01200,
,,,-01.186000000000,   0.01600,
,,,-01.184000000000,   0.01200,
,,,-01.182000000000,   0.01200,
,,,-01.180000000000,   0.01200,
,,,-01.178000000000,   0.00800,
,,,-01.176000000000,   0.01600,
,,,-01.174000000000,   0.01200,
,,,-01.172000000000,   0.01600,
,,,-01.170000000000,   0.02000,
,,,-01.168000000000,   0.03600,
,,,-01.166000000000,   0.01200,
,,,-01.164000000000,   0.01200,
,,,-01.162000000000,   0.02000,
,,,-01.160000000000,   0.01200,
,,,-01.158000000000,   0.01600,
,,,-01.156000000000,   0.01200,
,,,-01.154000000000,   0.01200,
,,,-01.152000000000,   0.01200,
,,,-01.150000000000,   0.01600,
,,,-01.148000000000,   0.01600,
,,,-01.146000000000,   0.01600,
,,,-01.144000000000,   0.01200,
,,,-01.142000000000,   0.01600,
,,,-01.140000000000,   0.02000,
,,,-01.138000000000,   0.02000,
,,,-01.136000000000,   0.01600,
,,,-01.134000000000,   0.01200,
,,,-01.132000000000,   0.01200,
,,,-01.130000000000,   0.01600,
,,,-01.128000000000,   0.01600,
,,,-01.126000000000,   0.01200,
,,,-01.124000000000,   0.02000,
,,,-01.122000000000,   0.01600,
,,,-01.120000000000,   0.01600,
,,,-01.118000000000,   0.01600,
,,,-01.116000000000,   0.02000,
,,,-01.114000000000,   0.03600,
,,,-01.112000000000,   0.01600,
,,,-01.110000000000,   0.01600,
,,,-01.108000000000,   0.01600,
,,,-01.106000000000,   0.02000,
,,,-01.104000000000,   0.01200,
,,,-01.102000000000,   0.01600,
,,,-01.100000000000,   0.02000,
,,,-01.098000000000,   0.02000,
,,,-01.096000000000,   0.01200,
,,,-01.094000000000,   0.02000,
,,,-01.092000000000,   0.01600,
,,,-01.090000000000,   0.01200,
,,,-01.088000000000,   0.01200,
,,,-01.086000000000,   0.01200,
,,,-01.084000000000,   0.01200,
,,,-01.082000000000,   0.01600,
,,,-01.080000000000,   0.01200,
,,,-01.078000000000,   0.01200,
,,,-01.076000000000,   0.01200,
,,,-01.074000000000,   0.01200,
,,,-01.072000000000,   0.01200,
,,,-01.070000000000,   0.01200,
,,,-01.068000000000,   0.02000,
,,,-01.066000000000,   0.00400,
,,,-01.064000000000,   0.02000,
,,,-01.062000000000,   0.01200,
,,,-01.060000000000,   0.03200,
,,,-01.058000000000,   0.01200,
,,,-01.056000000000,   0.01600,
,,,-01.054000000000,   0.01200,
,,,-01.052000000000,   0.01200,
,,,-01.050000000000,   0.01200,
,,,-01.048000000000,   0.01200,
,,,-01.046000000000,   0.01600,
,,,-01.044000000000,   0.01600,
,,,-01.042000000000,   0.01600,
,,,-01.040000000000,   0.01200,
,,,-01.038000000000,   0.01600,
,,,-01.036000000000,   0.01600,
,,,-01.034000000000,   0.01200,
,,,-01.032000000000,   0.01600,
,,,-01.030000000000,   0.01200,
,,,-01.028000000000,   0.01200,
,,,-01.026000000000,   0.01600,
,,,-01.024000000000,   0.01200,
,,,-01.022000000000,   0.01200,
,,,-01.020000000000,   0.01200,
,,,-01.018000000000,   0.01600,
,,,-01.016000000000,   0.01600,
,,,-01.014000000000,   0.01200,
,,,-01.012000000000,   0.01600,
,,,-01.010000000000,   0.01600,
,,,-01.008000000000,   0.01200,
,,,-01.006000000000,   0.03200,
,,,-01.004000000000,   0.01600,
,,,-01.002000000000,   0.02000,
,,,-01.000000000000,   0.13600,
,,,-00.998000000000,   0.02000,
,,,-00.996000000000,   0.01200,
,,,-00.994000000000,   0.00400,
,,,-00.992000000000,   0.01600,
,,,-00.990000000000,   0.01200,
,,,-00.988000000000,   0.01600,
,,,-00.986000000000,   0.01600,
,,,-00.984000000000,   0.01600,
,,,-00.982000000000,   0.01200,
,,,-00.980000000000,   0.01200,
,,,-00.978000000000,   0.01200,
,,,-00.976000000000,   0.01200,
,,,-00.974000000000,   0.02000,
,,,-00.972000000000,   0.01600,
,,,-00.970000000000,   0.01600,
,,,-00.968000000000,   0.01200,
,,,-00.966000000000,   0.01200,
,,,-00.964000000000,   0.02000,
,,,-00.962000000000,   0.01600,
,,,-00.960000000000,   0.01200,
,,,-00.958000000000,   0.01200,
,,,-00.956000000000,   0.01200,
,,,-00.954000000000,   0.01200,
,,,-00.952000000000,   0.01600,
,,,-00.950000000000,   0.00800,
,,,-00.948000000000,   0.01600,
,,,-00.946000000000,   0.01600,
,,,-00.944000000000,   0.01600,
,,,-00.942000000000,   0.01200,
,,,-00.940000000000,   0.00400,
,,,-00.938000000000,   0.01600,
,,,-00.936000000000,   0.01200,
,,,-00.934000000000,   0.01200,
,,,-00.932000000000,   0.01600,
,,,-00.930000000000,   0.01200,
,,,-00.928000000000,   0.01600,
,,,-00.926000000000,   0.00400,
,,,-00.924000000000,   0.01200,
,,,-00.922000000000,   0.01200,
,,,-00.920000000000,   0.01200,
,,,-00.918000000000,   0.01200,
,,,-00.916000000000,   0.02000,
,,,-00.914000000000,   0.01200,
,,,-00.912000000000,   0.01200,
,,,-00.910000000000,   0.01200,
,,,-00.908000000000,   0.01200,
,,,-00.906000000000,   0.02000,
,,,-00.904000000000,   0.01200,
,,,-00.902000000000,   0.01600,
,,,-00.900000000000,   0.02000,
,,,-00.898000000000,   0.01600,
,,,-00.896000000000,   0.01200,
,,,-00.894000000000,   0.01600,
,,,-00.892000000000,   0.02000,
,,,-00.890000000000,   0.01200,
,,,-00.888000000000,   0.01600,
,,,-00.886000000000,  -0.00400,
,,,-00.884000000000,   0.02000,
,,,-00.882000000000,   0.01200,
,,,-00.880000000000,   0.01200,
,,,-00.878000000000,   0.01200,
,,,-00.876000000000,   0.01200,
,,,-00.874000000000,   0.02000,
,,,-00.872000000000,   0.01200,
,,,-00.870000000000,   0.01200,
,,,-00.868000000000,   0.01200,
,,,-00.866000000000,   0.01200,
,,,-00.864000000000,   0.01200,
,,,-00.862000000000,   0.01200,
,,,-00.860000000000,   0.01200,
,,,-00.858000000000,   0.01200,
,,,-00.856000000000,   0.02000,
,,,-00.854000000000,   0.01600,
,,,-00.852000000000,   0.01600,
,,,-00.850000000000,   0.01200,
,,,-00.848000000000,   0.01600,
,,,-00.846000000000,   0.02000,
,,,-00.844000000000,   0.01600,
,,,-00.842000000000,   0.01200,
,,,-00.840000000000,   0.01200,
,,,-00.838000000000,   0.01200,
,,,-00.836000000000,   0.01200,
,,,-00.834000000000,   0.02000,
,,,-00.832000000000,   0.04400,
,,,-00.830000000000,   0.01600,
,,,-00.828000000000,   0.01200,
,,,-00.826000000000,   0.01200,
,,,-00.824000000000,   0.01600,
,,,-00.822000000000,   0.01200,
,,,-00.820000000000,   0.01200,
,,,-00.818000000000,   0.00800,
,,,-00.816000000000,   0.01200,
,,,-00.814000000000,   0.01600,
,,,-00.812000000000,   0.02400,
,,,-00.810000000000,   0.01200,
,,,-00.808000000000,   0.01200,
,,,-00.806000000000,   0.02000,
,,,-00.804000000000,   0.01600,
,,,-00.802000000000,   0.01600,
,,,-00.800000000000,   0.01200,
,,,-00.798000000000,   0.01200,
,,,-00.796000000000,   0.01600,
,,,-00.794000000000,   0.01600,
,,,-00.792000000000,   0.02000,
,,,-00.790000000000,   0.01200,
,,,-00.788000000000,   0.01200,
,,,-00.786000000000,   0.02400,
,,,-00.784000000000,   0.00800,
,,,-00.782000000000,   0.01600,
,,,-00.780000000000,   0.01600,
,,,-00.778000000000,   0.06400,
,,,-00.776000000000,   0.01200,
,,,-00.774000000000,   0.01200,
,,,-00.772000000000,   0.01200,
,,,-00.770000000000,   0.02000,
,,,-00.768000000000,   0.01600,
,,,-00.766000000000,   0.01200,
,,,-00.764000000000,   0.01600,
,,,-00.762000000000,   0.02000,
,,,-00.760000000000,   0.01200,
,,,-00.758000000000,   0.01200,
,,,-00.756000000000,   0.01600,
,,,-00.754000000000,   0.01600,
,,,-00.752000000000,   0.01600,
,,,-00.750000000000,   0.14800,
,,,-00.748000000000,   0.01600,
,,,-00.746000000000,   0.01200,
,,,-00.744000000000,   0.01200,
,,,-00.742000000000,   0.02000,
,,,-00.740000000000,   0.01200,
,,,-00.738000000000,   0.01600,
,,,-00.736000000000,   0.01200,
,,,-00.734000000000,   0.01200,
,,,-00.732000000000,   0.01200,
,,,-00.730000000000,   0.01600,
,,,-00.728000000000,   0.01200,
,,,-00.726000000000,   0.01200,
,,,-00.724000000000,   0.01200,
,,,-00.722000000000,   0.01600,
,,,-00.720000000000,   0.02400,
,,,-00.718000000000,   0.01600,
,,,-00.716000000000,   0.00000,
,,,-00.714000000000,   0.01200,
,,,-00.712000000000,   0.02000,
,,,-00.710000000000,   0.01200,
,,,-00.708000000000,   0.02000,
,,,-00.706000000000,   0.01600,
,,,-00.704000000000,   0.01600,
,,,-00.702000000000,   0.01200,
,,,-00.700000000000,   0.01600,
,,,-00.698000000000,   0.01200,
,,,-00.696000000000,   0.01200,
,,,-00.694000000000,   0.01200,
,,,-00.692000000000,   0.02000,
,,,-00.690000000000,   0.02400,
,,,-00.688000000000,   0.01600,
,,,-00.686000000000,   0.01600,
,,,-00.684000000000,   0.01200,
,,,-00.682000000000,   0.01200,
,,,-00.680000000000,   0.01600,
,,,-00.678000000000,   0.02000,
,,,-00.676000000000,   0.01200,
,,,-00.674000000000,   0.01600,
,,,-00.672000000000,   0.01200,
,,,-00.670000000000,   0.02000,
,,,-00.668000000000,   0.01600,
,,,-00.666000000000,   0.02000,
,,,-00.664000000000,   0.01200,
,,,-00.662000000000,   0.00800,
,,,-00.660000000000,   0.01200,
,,,-00.658000000000,   0.01600,
,,,-00.656000000000,   0.01600,
,,,-00.654000000000,   0.01200,
,,,-00.652000000000,   0.02000,
,,,-00.650000000000,   0.02000,
,,,-00.648000000000,   0.02000,
,,,-00.646000000000,   0.01200,
,,,-00.644000000000,   0.01200,
,,,-00.642000000000,   0.01200,
,,,-00.640000000000,   0.02000,
,,,-00.638000000000,   0.01600,
,,,-00.636000000000,   0.01600,
,,,-00.634000000000,   0.01600,
,,,-00.632000000000,   0.01600,
,,,-00.630000000000,   0.01600,
,,,-00.628000000000,   0.01200,
,,,-00.626000000000,   0.01200,
,,,-00.624000000000,   0.01600,
,,,-00.622000000000,   0.01600,
,,,-00.620000000000,   0.01200,
,,,-00.618000000000,   0.01200,
,,,-00.616000000000,   0.01200,
,,,-00.614000000000,   0.01200,
,,,-00.612000000000,   0.02000,
,,,-00.610000000000,   0.01200,
,,,-00.608000000000,   0.00400,
,,,-00.606000000000,   0.01200,
,,,-00.604000000000,   0.01200,
,,,-00.602000000000,   0.01200,
,,,-00.600000000000,   0.01600,
,,,-00.598000000000,   0.01200,
,,,-00.596000000000,   0.01200,
,,,-00.594000000000,   0.01200,
,,,-00.592000000000,   0.01200,
,,,-00.590000000000,   0.01600,
,,,-00.588000000000,   0.01600,
,,,-00.586000000000,   0.01200,
,,,-00.584000000000,   0.02000,
,,,-00.582000000000,   0.01600,
,,,-00.580000000000,   0.01200,
,,,-00.578000000000,   0.01600,
,,,-00.576000000000,   0.02000,
,,,-00.574000000000,   0.01600,
,,,-00.572000000000,   0.01600,
,,,-00.570000000000,   0.01200,
,,,-00.568000000000,   0.01200,
,,,-00.566000000000,   0.01600,
,,,-00.564000000000,   0.01600,
,,,-00.562000000000,   0.02000,
,,,-00.560000000000,   0.02000,
,,,-00.558000000000,   0.02000,
,,,-00.556000000000,   0.01200,
,,,-00.554000000000,  -0.00400,
,,,-00.552000000000,   0.01200,
,,,-00.550000000000,   0.01200,
,,,-00.548000000000,   0.02000,
,,,-00.546000000000,   0.02000,
,,,-00.544000000000,   0.01200,
,,,-00.542000000000,   0.01200,
,,,-00.540000000000,   0.00400,
,,,-00.538000000000,   0.02000,
,,,-00.536000000000,   0.01200,
,,,-00.534000000000,   0.01600,
,,,-00.532000000000,   0.00800,
,,,-00.530000000000,   0.01600,
,,,-00.528000000000,   0.01600,
,,,-00.526000000000,   0.01200,
,,,-00.524000000000,   0.02000,
,,,-00.522000000000,   0.01600,
,,,-00.520000000000,   0.01600,
,,,-00.518000000000,   0.01600,
,,,-00.516000000000,   0.00400,
,,,-00.514000000000,   0.01200,
,,,-00.512000000000,   0.00800,
,,,-00.510000000000,   0.02000,
,,,-00.508000000000,   0.02000,
,,,-00.506000000000,   0.02000,
,,,-00.504000000000,   0.02000,
,,,-00.502000000000,   0.01200,
,,,-00.500000000000,   0.19600,
,,,-00.498000000000,   0.01200,
,,,-00.496000000000,   0.01600,
,,,-00.494000000000,   0.01600,
,,,-00.492000000000,   0.01200,
,,,-00.490000000000,   0.01200,
,,,-00.488000000000,   0.02000,
,,,-00.486000000000,   0.01200,
,,,-00.484000000000,   0.01200,
,,,-00.482000000000,   0.02000,
,,,-00.480000000000,   0.01600,
,,,-00.478000000000,   0.01600,
,,,-00.476000000000,   0.02000,
,,,-00.474000000000,   0.01600,
,,,-00.472000000000,   0.02000,
,,,-00.470000000000,   0.01200,
,,,-00.468000000000,   0.01600,
,,,-00.466000000000,   0.01200,
,,,-00.464000000000,   0.01600,
,,,-00.462000000000,   0.01200,
,,,-00.460000000000,   0.01600,
,,,-00.458000000000,   0.01200,
,,,-00.456000000000,   0.01600,
,,,-00.454000000000,   0.01200,
,,,-00.452000000000,   0.01200,
,,,-00.450000000000,   0.01200,
,,,-00.448000000000,   0.01600,
,,,-00.446000000000,   0.04800,
,,,-00.444000000000,   0.01200,
,,,-00.442000000000,   0.01600,
,,,-00.440000000000,   0.01200,
,,,-00.438000000000,   0.02000,
,,,-00.436000000000,   0.01600,
,,,-00.434000000000,   0.01600,
,,,-00.432000000000,   0.01600,
,,,-00.430000000000,   0.01600,
,,,-00.428000000000,   0.01200,
,,,-00.426000000000,   0.02000,
,,,-00.424000000000,   0.00800,
,,,-00.422000000000,   0.01200,
,,,-00.420000000000,   0.01600,
,,,-00.418000000000,   0.01200,
,,,-00.416000000000,   0.01600,
,,,-00.414000000000,   0.01200,
,,,-00.412000000000,   0.01200,
,,,-00.410000000000,   0.01200,
,,,-00.408000000000,   0.01200,
,,,-00.406000000000,   0.02400,
,,,-00.404000000000,   0.01600,
,,,-00.402000000000,   0.01600,
,,,-00.400000000000,   0.01200,
,,,-00.398000000000,   0.01200,
,,,-00.396000000000,   0.01200,
,,,-00.394000000000,   0.01600,
,,,-00.392000000000,   0.04000,
,,,-00.390000000000,   0.01200,
,,,-00.388000000000,   0.01200,
,,,-00.386000000000,   0.01600,
,,,-00.384000000000,   0.01200,
,,,-00.382000000000,   0.01600,
,,,-00.380000000000,   0.00800,
,,,-00.378000000000,   0.01600,
,,,-00.376000000000,   0.01200,
,,,-00.374000000000,   0.01200,
,,,-00.372000000000,   0.01200,
,,,-00.370000000000,   0.01200,
,,,-00.368000000000,   0.01600,
,,,-00.366000000000,   0.02000,
,,,-00.364000000000,   0.01600,
,,,-00.362000000000,   0.02000,
,,,-00.360000000000,   0.01200,
,,,-00.358000000000,   0.01600,
,,,-00.356000000000,   0.02000,
,,,-00.354000000000,   0.01200,
,,,-00.352000000000,   0.02000,
,,,-00.350000000000,   0.01200,
,,,-00.348000000000,   0.01200,
,,,-00.346000000000,   0.01600,
,,,-00.344000000000,   0.01200,
,,,-00.342000000000,   0.01200,
,,,-00.340000000000,   0.01200,
,,,-00.338000000000,   0.04000,
,,,-00.336000000000,   0.01600,
,,,-00.334000000000,   0.01200,
,,,-00.332000000000,   0.02000,
,,,-00.330000000000,   0.01200,
,,,-00.328000000000,   0.01200,
,,,-00.326000000000,   0.01600,
,,,-00.324000000000,   0.01200,
,,,-00.322000000000,   0.01600,
,,,-00.320000000000,   0.01200,
,,,-00.318000000000,   0.01200,
,,,-00.316000000000,   0.01200,
,,,-00.314000000000,   0.02000,
,,,-00.312000000000,   0.00800,
,,,-00.310000000000,   0.01200,
,,,-00.308000000000,   0.01200,
,,,-00.306000000000,   0.01600,
,,,-00.304000000000,   0.02000,
,,,-00.302000000000,   0.01200,
,,,-00.300000000000,   0.01200,
,,,-00.298000000000,   0.01200,
,,,-00.296000000000,   0.02000,
,,,-00.294000000000,   0.01200,
,,,-00.292000000000,   0.01600,
,,,-00.290000000000,   0.01200,
,,,-00.288000000000,   0.01600,
,,,-00.286000000000,   0.01200,
,,,-00.284000000000,   0.02800,
,,,-00.282000000000,   0.02000,
,,,-00.280000000000,   0.01200,
,,,-00.278000000000,   0.02000,
,,,-00.276000000000,   0.01200,
,,,-00.274000000000,   0.01200,
,,,-00.272000000000,   0.01200,
,,,-00.270000000000,   0.01600,
,,,-00.268000000000,   0.01600,
,,,-00.266000000000,   0.01200,
,,,-00.264000000000,   0.01200,
,,,-00.262000000000,   0.01200,
,,,-00.260000000000,   0.02000,
,,,-00.258000000000,   0.01600,
,,,-00.256000000000,   0.01200,
,,,-00.254000000000,   0.01600,
,,,-00.252000000000,   0.01200,
,,,-00.250000000000,   0.13200,
,,,-00.248000000000,   0.01200,
,,,-00.246000000000,   0.02000,
,,,-00.244000000000,   0.01200,
,,,-00.242000000000,   0.00800,
,,,-00.240000000000,   0.02000,
,,,-00.238000000000,   0.01200,
,,,-00.236000000000,   0.01200,
,,,-00.234000000000,   0.01600,
,,,-00.232000000000,   0.01600,
,,,-00.230000000000,   0.01200,
,,,-00.228000000000,   0.00800,
,,,-00.226000000000,   0.01200,
,,,-00.224000000000,   0.01200,
,,,-00.222000000000,   0.02800,
,,,-00.220000000000,   0.01200,
,,,-00.218000000000,   0.01200,
,,,-00.216000000000,   0.01200,
,,,-00.214000000000,   0.01200,
,,,-00.212000000000,   0.01600,
,,,-00.210000000000,   0.00800,
,,,-00.208000000000,   0.00800,
,,,-00.206000000000,   0.01200,
,,,-00.204000000000,   0.01600,
,,,-00.202000000000,   0.01600,
,,,-00.200000000000,   0.01600,
,,,-00.198000000000,   0.01200,
,,,-00.196000000000,   0.01200,
,,,-00.194000000000,   0.01600,
,,,-00.192000000000,   0.01600,
,,,-00.190000000000,   0.01200,
,,,-00.188000000000,   0.01600,
,,,-00.186000000000,   0.02000,
,,,-00.184000000000,   0.00800,
,,,-00.182000000000,   0.01200,
,,,-00.180000000000,   0.01200,
,,,-00.178000000000,   0.01600,
,,,-00.176000000000,   0.01200,
,,,-00.174000000000,   0.01200,
,,,-00.172000000000,   0.00800,
,,,-00.170000000000,   0.01600,
,,,-00.168000000000,   0.02000,
,,,-00.166000000000,   0.01200,
,,,-00.164000000000,   0.01200,
,,,-00.162000000000,   0.02000,
,,,-00.160000000000,   0.01200,
,,,-00.158000000000,   0.01600,
,,,-00.156000000000,   0.01600,
,,,-00.154000000000,   0.01600,
,,,-00.152000000000,   0.01200,
,,,-00.150000000000,   0.01200,
,,,-00.148000000000,   0.01200,
,,,-00.146000000000,   0.01600,
,,,-00.144000000000,   0.01200,
,,,-00.142000000000,   0.01600,
,,,-00.140000000000,   0.01200,
,,,-00.138000000000,   0.01200,
,,,-00.136000000000,   0.02000,
,,,-00.134000000000,   0.01200,
,,,-00.132000000000,   0.01600,
,,,-00.130000000000,   0.01600,
,,,-00.128000000000,   0.01600,
,,,-00.126000000000,   0.01600,
,,,-00.124000000000,   0.01200,
,,,-00.122000000000,   0.01200,
,,,-00.120000000000,   0.01200,
,,,-00.118000000000,   0.01200,
,,,-00.116000000000,   0.01600,
,,,-00.114000000000,   0.02000,
,,,-00.112000000000,   0.01200,
,,,-00.110000000000,   0.00800,
,,,-00.108000000000,   0.01200,
,,,-00.106000000000,   0.01600,
,,,-00.104000000000,   0.01200,
,,,-00.102000000000,   0.01200,
,,,-00.100000000000,   0.01600,
,,,-00.098000000000,   0.01200,
,,,-00.096000000000,   0.01200,
,,,-00.094000000000,   0.01600,
,,,-00.092000000000,   0.01200,
,,,-00.090000000000,   0.01200,
,,,-00.088000000000,   0.01600,
,,,-00.086000000000,   0.01600,
,,,-00.084000000000,   0.01600,
,,,-00.082000000000,   0.01600,
,,,-00.080000000000,   0.01600,
,,,-00.078000000000,   0.00800,
,,,-00.076000000000,   0.01600,
,,,-00.074000000000,   0.01200,
,,,-00.072000000000,   0.01200,
,,,-00.070000000000,   0.01200,
,,,-00.068000000000,   0.00800,
,,,-00.066000000000,   0.01600,
,,,-00.064000000000,   0.01200,
,,,-00.062000000000,   0.01600,
,,,-00.060000000000,   0.02000,
,,,-00.058000000000,   0.01600,
,,,-00.056000000000,  -0.01200,
,,,-00.054000000000,   0.01200,
,,,-00.052000000000,   0.02000,
,,,-00.050000000000,   0.02000,
,,,-00.048000000000,   0.01600,
,,,-00.046000000000,   0.02000,
,,,-00.044000000000,   0.01200,
,,,-00.042000000000,   0.01600,
,,,-00.040000000000,   0.01600,
,,,-00.038000000000,   0.01600,
,,,-00.036000000000,   0.01600,
,,,-00.034000000000,   0.01600,
,,,-00.032000000000,   0.01600,
,,,-00.030000000000,   0.01200,
,,,-00.028000000000,   0.01200,
,,,-00.026000000000,   0.01200,
,,,-00.024000000000,   0.01200,
,,,-00.022000000000,   0.02000,
,,,-00.020000000000,   0.01200,
,,,-00.018000000000,   0.02000,
,,,-00.016000000000,   0.01600,
,,,-00.014000000000,   0.01200,
,,,-00.012000000000,   0.00800,
,,,-00.010000000000,   0.01200,
,,,-00.008000000000,   0.01200,
,,,-00.006000000000,   0.02000,
,,,-00.004000000000,   0.01200,
,,,-00.002000000000,   0.00400,
,,,-00.000000000000,   0.14800,
,,,00.002000000000,   0.01200,
,,,00.004000000000,   0.01200,
,,,00.006000000000,   0.02800,
,,,00.008000000000,   0.01200,
,,,00.010000000000,   0.01600,
,,,00.012000000000,   0.01200,
,,,00.014000000000,   0.01600,
,,,00.016000000000,   0.01200,
,,,00.018000000000,   0.01600,
,,,00.020000000000,   0.01200,
,,,00.022000000000,   0.01200,
,,,00.024000000000,   0.01600,
,,,00.026000000000,   0.01200,
,,,00.028000000000,   0.01200,
,,,00.030000000000,   0.01600,
,,,00.032000000000,   0.01200,
,,,00.034000000000,   0.01600,
,,,00.036000000000,   0.01200,
,,,00.038000000000,   0.01600,
,,,00.040000000000,   0.02800,
,,,00.042000000000,   0.00800,
,,,00.044000000000,   0.01600,
,,,00.046000000000,   0.01600,
,,,00.048000000000,   0.01200,
,,,00.050000000000,   0.01200,
,,,00.052000000000,   0.01200,
,,,00.054000000000,   0.01600,
,,,00.056000000000,   0.01600,
,,,00.058000000000,   0.02000,
,,,00.060000000000,   0.02800,
,,,00.062000000000,   0.01600,
,,,00.064000000000,   0.01200,
,,,00.066000000000,   0.02000,
,,,00.068000000000,   0.01600,
,,,00.070000000000,   0.01200,
,,,00.072000000000,   0.02000,
,,,00.074000000000,   0.01200,
,,,00.076000000000,   0.00400,
,,,00.078000000000,   0.01200,
,,,00.080000000000,   0.02000,
,,,00.082000000000,   0.01200,
,,,00.084000000000,   0.02000,
,,,00.086000000000,   0.01200,
,,,00.088000000000,   0.01200,
,,,00.090000000000,   0.01600,
,,,00.092000000000,   0.01200,
,,,00.094000000000,   0.01200,
,,,00.096000000000,   0.01600,
,,,00.098000000000,   0.01200,
,,,00.100000000000,   0.01200,
,,,00.102000000000,   0.01200,
,,,00.104000000000,   0.02000,
,,,00.106000000000,   0.01600,
,,,00.108000000000,   0.01600,
,,,00.110000000000,   0.00800,
,,,00.112000000000,   0.01200,
,,,00.114000000000,   0.03600,
,,,00.116000000000,   0.01600,
,,,00.118000000000,   0.01200,
,,,00.120000000000,   0.02000,
,,,00.122000000000,   0.01600,
,,,00.124000000000,   0.01200,
,,,00.126000000000,   0.00800,
,,,00.128000000000,   0.01200,
,,,00.130000000000,   0.01600,
,,,00.132000000000,   0.01600,
,,,00.134000000000,   0.01200,
,,,00.136000000000,   0.01200,
,,,00.138000000000,   0.01200,
,,,00.140000000000,   0.02000,
,,,00.142000000000,   0.01200,
,,,00.144000000000,   0.01600,
,,,00.146000000000,   0.00800,
,,,00.148000000000,   0.01200,
,,,00.150000000000,   0.01200,
,,,00.152000000000,   0.01200,
,,,00.154000000000,   0.01200,
,,,00.156000000000,   0.01200,
,,,00.158000000000,   0.01200,
,,,00.160000000000,   0.01600,
,,,00.162000000000,   0.02000,
,,,00.164000000000,   0.01600,
,,,00.166000000000,   0.01200,
,,,00.168000000000,   0.03200,
,,,00.170000000000,   0.02000,
,,,00.172000000000,   0.01200,
,,,00.174000000000,   0.01200,
,,,00.176000000000,   0.01600,
,,,00.178000000000,   0.01200,
,,,00.180000000000,   0.01200,
,,,00.182000000000,   0.02000,
,,,00.184000000000,   0.01600,
,,,00.186000000000,   0.01200,
,,,00.188000000000,   0.01600,
,,,00.190000000000,   0.01200,
,,,00.192000000000,   0.01200,
,,,00.194000000000,   0.02000,
,,,00.196000000000,   0.01600,
,,,00.198000000000,   0.01600,
,,,00.200000000000,   0.02000,
,,,00.202000000000,   0.01200,
,,,00.204000000000,   0.01200,
,,,00.206000000000,   0.01600,
,,,00.208000000000,   0.01200,
,,,00.210000000000,   0.02000,
,,,00.212000000000,   0.01200,
,,,00.214000000000,   0.01600,
,,,00.216000000000,   0.01200,
,,,00.218000000000,   0.01200,
,,,00.220000000000,   0.01200,
,,,00.222000000000,   0.03200,
,,,00.224000000000,   0.01200,
,,,00.226000000000,   0.02000,
,,,00.228000000000,   0.01600,
,,,00.230000000000,   0.01200,
,,,00.232000000000,   0.01200,
,,,00.234000000000,   0.00800,
,,,00.236000000000,   0.01200,
,,,00.238000000000,   0.01200,
,,,00.240000000000,   0.01200,
,,,00.242000000000,   0.02000,
,,,00.244000000000,   0.01200,
,,,00.246000000000,   0.01200,
,,,00.248000000000,   0.02000,
,,,00.250000000000,   0.14000,
,,,00.252000000000,   0.01200,
,,,00.254000000000,   0.01200,
,,,00.256000000000,   0.02000,
,,,00.258000000000,   0.01200,
,,,00.260000000000,   0.01200,
,,,00.262000000000,   0.01600,
,,,00.264000000000,   0.01600,
,,,00.266000000000,   0.01200,
,,,00.268000000000,   0.02000,
,,,00.270000000000,   0.01200,
,,,00.272000000000,   0.01600,
,,,00.274000000000,   0.01600,
,,,00.276000000000,   0.00800,
,,,00.278000000000,   0.01600,
,,,00.280000000000,   0.02000,
,,,00.282000000000,   0.01200,
,,,00.284000000000,   0.01200,
,,,00.286000000000,   0.02000,
,,,00.288000000000,   0.01200,
,,,00.290000000000,   0.01200,
,,,00.292000000000,   0.01600,
,,,00.294000000000,   0.01200,
,,,00.296000000000,   0.01200,
,,,00.298000000000,   0.01600,
,,,00.300000000000,   0.01600,
,,,00.302000000000,   0.01600,
,,,00.304000000000,   0.02000,
,,,00.306000000000,   0.01200,
,,,00.308000000000,   0.01200,
,,,00.310000000000,   0.02000,
,,,00.312000000000,   0.01200,
,,,00.314000000000,   0.01200,
,,,00.316000000000,   0.02000,
,,,00.318000000000,   0.01200,
,,,00.320000000000,   0.01200,
,,,00.322000000000,   0.01600,
,,,00.324000000000,   0.01200,
,,,00.326000000000,   0.00800,
,,,00.328000000000,   0.00800,
,,,00.330000000000,   0.02000,
,,,00.332000000000,   0.01600,
,,,00.334000000000,   0.02000,
,,,00.336000000000,   0.01200,
,,,00.338000000000,   0.00000,
,,,00.340000000000,   0.01200,
,,,00.342000000000,   0.00800,
,,,00.344000000000,   0.00800,
,,,00.346000000000,   0.01200,
,,,00.348000000000,   0.01600,
,,,00.350000000000,   0.01200,
,,,00.352000000000,   0.01200,
,,,00.354000000000,   0.01600,
,,,00.356000000000,   0.01200,
,,,00.358000000000,   0.01600,
,,,00.360000000000,   0.01600,
,,,00.362000000000,   0.01600,
,,,00.364000000000,   0.02000,
,,,00.366000000000,   0.01200,
,,,00.368000000000,   0.01200,
,,,00.370000000000,   0.01200,
,,,00.372000000000,   0.01600,
,,,00.374000000000,   0.01200,
,,,00.376000000000,   0.01200,
,,,00.378000000000,   0.01200,
,,,00.380000000000,   0.01600,
,,,00.382000000000,   0.01600,
,,,00.384000000000,   0.01200,
,,,00.386000000000,   0.01600,
,,,00.388000000000,   0.01600,
,,,00.390000000000,   0.01200,
,,,00.392000000000,   0.05200,
,,,00.394000000000,   0.01200,
,,,00.396000000000,   0.01200,
,,,00.398000000000,   0.00800,
,,,00.400000000000,   0.01200,
,,,00.402000000000,   0.01600,
,,,00.404000000000,   0.01200,
,,,00.406000000000,   0.01200,
,,,00.408000000000,   0.01200,
,,,00.410000000000,   0.01200,
,,,00.412000000000,   0.01600,
,,,00.414000000000,   0.00800,
,,,00.416000000000,   0.00800,
,,,00.418000000000,   0.02000,
,,,00.420000000000,   0.01600,
,,,00.422000000000,   0.01600,
,,,00.424000000000,   0.01600,
,,,00.426000000000,   0.01600,
,,,00.428000000000,   0.01200,
,,,00.430000000000,   0.01600,
,,,00.432000000000,   0.01200,
,,,00.434000000000,   0.01600,
,,,00.436000000000,   0.02400,
,,,00.438000000000,   0.01200,
,,,00.440000000000,   0.01600,
,,,00.442000000000,   0.01200,
,,,00.444000000000,   0.02400,
,,,00.446000000000,   0.03600,
,,,00.448000000000,   0.02000,
,,,00.450000000000,   0.00800,
,,,00.452000000000,   0.01600,
,,,00.454000000000,   0.01200,
,,,00.456000000000,   0.01200,
,,,00.458000000000,   0.01600,
,,,00.460000000000,   0.01200,
,,,00.462000000000,   0.01600,
,,,00.464000000000,   0.01600,
,,,00.466000000000,   0.01600,
,,,00.468000000000,   0.01200,
,,,00.470000000000,   0.01200,
,,,00.472000000000,   0.01600,
,,,00.474000000000,   0.01600,
,,,00.476000000000,   0.01600,
,,,00.478000000000,   0.01600,
,,,00.480000000000,   0.02000,
,,,00.482000000000,   0.01200,
,,,00.484000000000,   0.02000,
,,,00.486000000000,   0.01200,
,,,00.488000000000,   0.01200,
,,,00.490000000000,   0.01200,
,,,00.492000000000,   0.01200,
,,,00.494000000000,   0.01200,
,,,00.496000000000,   0.01200,
,,,00.498000000000,   0.02000,
,,,00.500000000000,   0.15600,
,,,00.502000000000,   0.01600,
,,,00.504000000000,   0.02400,
,,,00.506000000000,   0.01600,
,,,00.508000000000,   0.02000,
,,,00.510000000000,   0.01600,
,,,00.512000000000,   0.01600,
,,,00.514000000000,   0.01200,
,,,00.516000000000,   0.01200,
,,,00.518000000000,   0.01600,
,,,00.520000000000,   0.01200,
,,,00.522000000000,   0.01600,
,,,00.524000000000,   0.01600,
,,,00.526000000000,   0.01600,
,,,00.528000000000,   0.01200,
,,,00.530000000000,   0.01600,
,,,00.532000000000,   0.01200,
,,,00.534000000000,   0.01200,
,,,00.536000000000,   0.01600,
,,,00.538000000000,   0.02000,
,,,00.540000000000,   0.01600,
,,,00.542000000000,   0.01200,
,,,00.544000000000,   0.01600,
,,,00.546000000000,   0.01200,
,,,00.548000000000,   0.01200,
,,,00.550000000000,   0.01200,
,,,00.552000000000,   0.01600,
,,,00.554000000000,   0.01600,
,,,00.556000000000,   0.01200,
,,,00.558000000000,   0.02000,
,,,00.560000000000,   0.01600,
,,,00.562000000000,   0.01200,
,,,00.564000000000,   0.01200,
,,,00.566000000000,   0.01200,
,,,00.568000000000,   0.02000,
,,,00.570000000000,   0.01200,
,,,00.572000000000,   0.01200,
,,,00.574000000000,   0.01200,
,,,00.576000000000,   0.02000,
,,,00.578000000000,   0.01600,
,,,00.580000000000,   0.01200,
,,,00.582000000000,   0.01600,
,,,00.584000000000,   0.01600,
,,,00.586000000000,   0.01600,
,,,00.588000000000,   0.01200,
,,,00.590000000000,   0.01200,
,,,00.592000000000,   0.01600,
,,,00.594000000000,   0.00800,
,,,00.596000000000,   0.01600,
,,,00.598000000000,   0.01600,
,,,00.600000000000,   0.01600,
,,,00.602000000000,   0.01600,
,,,00.604000000000,   0.01600,
,,,00.606000000000,   0.01200,
,,,00.608000000000,   0.01600,
,,,00.610000000000,   0.02000,
,,,00.612000000000,   0.02000,
,,,00.614000000000,   0.01200,
,,,00.616000000000,   0.00800,
,,,00.618000000000,   0.01200,
,,,00.620000000000,   0.01600,
,,,00.622000000000,   0.01600,
,,,00.624000000000,   0.01600,
,,,00.626000000000,   0.01600,
,,,00.628000000000,   0.01600,
,,,00.630000000000,   0.01200,
,,,00.632000000000,   0.02000,
,,,00.634000000000,   0.02000,
,,,00.636000000000,   0.01200,
,,,00.638000000000,   0.01200,
,,,00.640000000000,   0.02000,
,,,00.642000000000,   0.00800,
,,,00.644000000000,   0.01600,
,,,00.646000000000,   0.01200,
,,,00.648000000000,   0.01200,
,,,00.650000000000,   0.01600,
,,,00.652000000000,   0.01200,
,,,00.654000000000,   0.01600,
,,,00.656000000000,   0.01600,
,,,00.658000000000,   0.01600,
,,,00.660000000000,   0.01200,
,,,00.662000000000,   0.01200,
,,,00.664000000000,   0.01600,
,,,00.666000000000,   0.02000,
,,,00.668000000000,   0.02000,
,,,00.670000000000,   0.00800,
,,,00.672000000000,   0.01600,
,,,00.674000000000,   0.01200,
,,,00.676000000000,   0.00800,
,,,00.678000000000,   0.01200,
,,,00.680000000000,   0.01200,
,,,00.682000000000,   0.01600,
,,,00.684000000000,   0.01200,
,,,00.686000000000,   0.01200,
,,,00.688000000000,   0.01600,
,,,00.690000000000,   0.01600,
,,,00.692000000000,   0.01200,
,,,00.694000000000,   0.01200,
,,,00.696000000000,   0.01200,
,,,00.698000000000,   0.02000,
,,,00.700000000000,   0.01600,
,,,00.702000000000,   0.00800,
,,,00.704000000000,   0.01200,
,,,00.706000000000,   0.01200,
,,,00.708000000000,   0.02000,
,,,00.710000000000,   0.01600,
,,,00.712000000000,   0.01200,
,,,00.714000000000,   0.02000,
,,,00.716000000000,   0.00800,
,,,00.718000000000,   0.01200,
,,,00.720000000000,   0.02000,
,,,00.722000000000,   0.02000,
,,,00.724000000000,   0.00400,
,,,00.726000000000,   0.01600,
,,,00.728000000000,   0.01200,
,,,00.730000000000,   0.01200,
,,,00.732000000000,   0.01600,
,,,00.734000000000,   0.01200,
,,,00.736000000000,   0.01200,
,,,00.738000000000,   0.01200,
,,,00.740000000000,   0.01600,
,,,00.742000000000,   0.01600,
,,,00.744000000000,   0.01200,
,,,00.746000000000,   0.01600,
,,,00.748000000000,   0.01600,
,,,00.750000000000,   0.14400,
,,,00.752000000000,   0.02000,
,,,00.754000000000,   0.01200,
,,,00.756000000000,   0.01200,
,,,00.758000000000,   0.01200,
,,,00.760000000000,   0.02000,
,,,00.762000000000,   0.01200,
,,,00.764000000000,   0.01200,
,,,00.766000000000,   0.01200,
,,,00.768000000000,   0.01200,
,,,00.770000000000,   0.01600,
,,,00.772000000000,   0.01600,
,,,00.774000000000,   0.02400,
,,,00.776000000000,   0.01200,
,,,00.778000000000,   0.01200,
,,,00.780000000000,   0.01600,
,,,00.782000000000,   0.00400,
,,,00.784000000000,   0.01600,
,,,00.786000000000,   0.02000,
,,,00.788000000000,   0.01600,
,,,00.790000000000,   0.00400,
,,,00.792000000000,   0.01600,
,,,00.794000000000,   0.02000,
,,,00.796000000000,   0.01200,
,,,00.798000000000,   0.01200,
,,,00.800000000000,   0.02000,
,,,00.802000000000,   0.01200,
,,,00.804000000000,   0.01600,
,,,00.806000000000,   0.02000,
,,,00.808000000000,   0.01600,
,,,00.810000000000,   0.01200,
,,,00.812000000000,   0.01200,
,,,00.814000000000,   0.01600,
,,,00.816000000000,   0.00800,
,,,00.818000000000,   0.01600,
,,,00.820000000000,   0.01600,
,,,00.822000000000,   0.01600,
,,,00.824000000000,   0.01200,
,,,00.826000000000,   0.01200,
,,,00.828000000000,   0.01200,
,,,00.830000000000,   0.01600,
,,,00.832000000000,   0.01200,
,,,00.834000000000,   0.00800,
,,,00.836000000000,   0.01600,
,,,00.838000000000,   0.01600,
,,,00.840000000000,   0.01200,
,,,00.842000000000,   0.01200,
,,,00.844000000000,   0.00000,
,,,00.846000000000,   0.01600,
,,,00.848000000000,   0.01600,
,,,00.850000000000,   0.01200,
,,,00.852000000000,   0.01200,
,,,00.854000000000,   0.01200,
,,,00.856000000000,   0.01200,
,,,00.858000000000,   0.01200,
,,,00.860000000000,   0.01600,
,,,00.862000000000,   0.01600,
,,,00.864000000000,   0.02400,
,,,00.866000000000,   0.01200,
,,,00.868000000000,   0.01200,
,,,00.870000000000,   0.01200,
,,,00.872000000000,   0.02000,
,,,00.874000000000,   0.01200,
,,,00.876000000000,   0.02000,
,,,00.878000000000,   0.01600,
,,,00.880000000000,   0.02000,
,,,00.882000000000,   0.01200,
,,,00.884000000000,   0.02000,
,,,00.886000000000,   0.01200,
,,,00.888000000000,   0.01200,
,,,00.890000000000,   0.01600,
,,,00.892000000000,   0.01200,
,,,00.894000000000,   0.01600,
,,,00.896000000000,   0.01200,
,,,00.898000000000,  -0.00800,
,,,00.900000000000,   0.01200,
,,,00.902000000000,   0.01600,
,,,00.904000000000,   0.01600,
,,,00.906000000000,   0.01200,
,,,00.908000000000,   0.01200,
,,,00.910000000000,   0.01200,
,,,00.912000000000,   0.01600,
,,,00.914000000000,   0.02000,
,,,00.916000000000,   0.01600,
,,,00.918000000000,   0.00800,
,,,00.920000000000,   0.01200,
,,,00.922000000000,   0.01200,
,,,00.924000000000,   0.01200,
,,,00.926000000000,   0.01200,
,,,00.928000000000,   0.01600,
,,,00.930000000000,   0.00800,
,,,00.932000000000,   0.00800,
,,,00.934000000000,   0.02000,
,,,00.936000000000,   0.01600,
,,,00.938000000000,   0.01600,
,,,00.940000000000,   0.02000,
,,,00.942000000000,   0.01200,
,,,00.944000000000,   0.01200,
,,,00.946000000000,   0.01600,
,,,00.948000000000,   0.00800,
,,,00.950000000000,   0.01200,
,,,00.952000000000,   0.05200,
,,,00.954000000000,   0.01200,
,,,00.956000000000,   0.01600,
,,,00.958000000000,   0.00800,
,,,00.960000000000,   0.01200,
,,,00.962000000000,   0.01600,
,,,00.964000000000,   0.01200,
,,,00.966000000000,   0.01600,
,,,00.968000000000,   0.01200,
,,,00.970000000000,   0.01200,
,,,00.972000000000,   0.01600,
,,,00.974000000000,   0.00800,
,,,00.976000000000,   0.02000,
,,,00.978000000000,   0.01200,
,,,00.980000000000,   0.01200,
,,,00.982000000000,   0.01200,
,,,00.984000000000,   0.01600,
,,,00.986000000000,   0.01600,
,,,00.988000000000,   0.01200,
,,,00.990000000000,   0.01200,
,,,00.992000000000,   0.02000,
,,,00.994000000000,   0.01200,
,,,00.996000000000,   0.02400,
,,,00.998000000000,   0.01200,
,,,01.000000000000,   0.14000,
,,,01.002000000000,   0.02000,
,,,01.004000000000,   0.01600,
,,,01.006000000000,   0.01600,
,,,01.008000000000,   0.01200,
,,,01.010000000000,   0.01600,
,,,01.012000000000,   0.01600,
,,,01.014000000000,   0.03600,
,,,01.016000000000,   0.01600,
,,,01.018000000000,   0.01200,
,,,01.020000000000,   0.01600,
,,,01.022000000000,   0.01200,
,,,01.024000000000,   0.01600,
,,,01.026000000000,   0.01600,
,,,01.028000000000,   0.01600,
,,,01.030000000000,   0.01600,
,,,01.032000000000,   0.01600,
,,,01.034000000000,   0.02000,
,,,01.036000000000,   0.01200,
,,,01.038000000000,   0.01200,
,,,01.040000000000,   0.01200,
,,,01.042000000000,   0.01200,
,,,01.044000000000,   0.01600,
,,,01.046000000000,   0.01600,
,,,01.048000000000,   0.01600,
,,,01.050000000000,   0.00800,
,,,01.052000000000,   0.01200,
,,,01.054000000000,   0.02000,
,,,01.056000000000,   0.01200,
,,,01.058000000000,   0.01200,
,,,01.060000000000,   0.02000,
,,,01.062000000000,   0.01200,
,,,01.064000000000,   0.01600,
,,,01.066000000000,   0.01600,
,,,01.068000000000,   0.02800,
,,,01.070000000000,   0.01600,
,,,01.072000000000,   0.01600,
,,,01.074000000000,   0.01200,
,,,01.076000000000,   0.01200,
,,,01.078000000000,   0.01600,
,,,01.080000000000,   0.01200,
,,,01.082000000000,   0.01200,
,,,01.084000000000,   0.01200,
,,,01.086000000000,   0.01600,
,,,01.088000000000,   0.02000,
,,,01.090000000000,   0.01200,
,,,01.092000000000,   0.01600,
,,,01.094000000000,   0.01600,
,,,01.096000000000,   0.01600,
,,,01.098000000000,   0.01600,
,,,01.100000000000,   0.00400,
,,,01.102000000000,   0.01200,
,,,01.104000000000,   0.01200,
,,,01.106000000000,   0.00800,
,,,01.108000000000,   0.01200,
,,,01.110000000000,   0.01600,
,,,01.112000000000,   0.01600,
,,,01.114000000000,   0.00800,
,,,01.116000000000,   0.01600,
,,,01.118000000000,   0.01600,
,,,01.120000000000,   0.01600,
,,,01.122000000000,   0.02000,
,,,01.124000000000,   0.01200,
,,,01.126000000000,   0.01200,
,,,01.128000000000,   0.01600,
,,,01.130000000000,   0.01600,
,,,01.132000000000,   0.00800,
,,,01.134000000000,   0.01200,
,,,01.136000000000,   0.01200,
,,,01.138000000000,   0.02000,
,,,01.140000000000,   0.01200,
,,,01.142000000000,   0.01200,
,,,01.144000000000,   0.01200,
,,,01.146000000000,   0.01600,
,,,01.148000000000,   0.01200,
,,,01.150000000000,   0.01600,
,,,01.152000000000,   0.01200,
,,,01.154000000000,   0.01600,
,,,01.156000000000,   0.01200,
,,,01.158000000000,   0.01200,
,,,01.160000000000,   0.02000,
,,,01.162000000000,   0.01200,
,,,01.164000000000,   0.01600,
,,,01.166000000000,   0.01200,
,,,01.168000000000,   0.01600,
,,,01.170000000000,   0.01200,
,,,01.172000000000,   0.01600,
,,,01.174000000000,   0.02000,
,,,01.176000000000,   0.02400,
,,,01.178000000000,   0.01600,
,,,01.180000000000,   0.00800,
,,,01.182000000000,   0.00800,
,,,01.184000000000,   0.01600,
,,,01.186000000000,   0.01200,
,,,01.188000000000,   0.01600,
,,,01.190000000000,   0.00800,
,,,01.192000000000,   0.01600,
,,,01.194000000000,   0.02000,
,,,01.196000000000,   0.01200,
,,,01.198000000000,   0.01600,
,,,01.200000000000,   0.02000,
,,,01.202000000000,   0.02000,
,,,01.204000000000,   0.01600,
,,,01.206000000000,   0.01200,
,,,01.208000000000,   0.01600,
,,,01.210000000000,   0.01200,
,,,01.212000000000,   0.01200,
,,,01.214000000000,   0.02000,
,,,01.216000000000,   0.02000,
,,,01.218000000000,   0.01200,
,,,01.220000000000,   0.01600,
,,,01.222000000000,   0.01200,
,,,01.224000000000,   0.01200,
,,,01.226000000000,   0.01200,
,,,01.228000000000,   0.01200,
,,,01.230000000000,   0.02000,
,,,01.232000000000,   0.01200,
,,,01.234000000000,   0.01200,
,,,01.236000000000,   0.02000,
,,,01.238000000000,   0.02000,
,,,01.240000000000,   0.01600,
,,,01.242000000000,   0.01200,
,,,01.244000000000,   0.01600,
,,,01.246000000000,   0.02000,
,,,01.248000000000,   0.01200,
,,,01.250000000000,   0.14800,
,,,01.252000000000,   0.01200,
,,,01.254000000000,   0.01200,
,,,01.256000000000,   0.02000,
,,,01.258000000000,   0.01600,
,,,01.260000000000,   0.02000,
,,,01.262000000000,   0.01200,
,,,01.264000000000,   0.01600,
,,,01.266000000000,   0.01200,
,,,01.268000000000,   0.02000,
,,,01.270000000000,   0.01200,
,,,01.272000000000,   0.01600,
,,,01.274000000000,   0.00800,
,,,01.276000000000,   0.01200,
,,,01.278000000000,   0.01600,
,,,01.280000000000,   0.01200,
,,,01.282000000000,   0.01200,
,,,01.284000000000,   0.01200,
,,,01.286000000000,   0.01200,
,,,01.288000000000,   0.04400,
,,,01.290000000000,   0.01600,
,,,01.292000000000,   0.01600,
,,,01.294000000000,   0.01600,
,,,01.296000000000,   0.01600,
,,,01.298000000000,   0.01200,
,,,01.300000000000,   0.01600,
,,,01.302000000000,   0.00800,
,,,01.304000000000,   0.01200,
,,,01.306000000000,   0.01200,
,,,01.308000000000,   0.00400,
,,,01.310000000000,   0.01600,
,,,01.312000000000,   0.01600,
,,,01.314000000000,   0.01200,
,,,01.316000000000,   0.01200,
,,,01.318000000000,   0.01600,
,,,01.320000000000,   0.01200,
,,,01.322000000000,   0.01200,
,,,01.324000000000,   0.00800,
,,,01.326000000000,   0.01200,
,,,01.328000000000,   0.00800,
,,,01.330000000000,   0.01200,
,,,01.332000000000,   0.01600,
,,,01.334000000000,   0.02400,
,,,01.336000000000,   0.01200,
,,,01.338000000000,   0.01600,
,,,01.340000000000,   0.01200,
,,,01.342000000000,   0.04400,
,,,01.344000000000,   0.01200,
,,,01.346000000000,   0.01600,
,,,01.348000000000,   0.01200,
,,,01.350000000000,   0.01600,
,,,01.352000000000,   0.01200,
,,,01.354000000000,   0.01600,
,,,01.356000000000,   0.01200,
,,,01.358000000000,   0.01200,
,,,01.360000000000,   0.02000,
,,,01.362000000000,   0.01600,
,,,01.364000000000,   0.01200,
,,,01.366000000000,   0.02000,
,,,01.368000000000,   0.01200,
,,,01.370000000000,   0.01200,
,,,01.372000000000,   0.01200,
,,,01.374000000000,   0.01600,
,,,01.376000000000,   0.02000,
,,,01.378000000000,   0.01600,
,,,01.380000000000,   0.02000,
,,,01.382000000000,   0.00800,
,,,01.384000000000,   0.01600,
,,,01.386000000000,   0.01200,
,,,01.388000000000,   0.01600,
,,,01.390000000000,   0.01600,
,,,01.392000000000,   0.01600,
,,,01.394000000000,   0.01600,
,,,01.396000000000,   0.03600,
,,,01.398000000000,   0.01200,
,,,01.400000000000,   0.01600,
,,,01.402000000000,   0.01200,
,,,01.404000000000,   0.01200,
,,,01.406000000000,   0.01200,
,,,01.408000000000,   0.01200,
,,,01.410000000000,   0.01600,
,,,01.412000000000,   0.01200,
,,,01.414000000000,   0.01600,
,,,01.416000000000,   0.02000,
,,,01.418000000000,   0.01200,
,,,01.420000000000,   0.01200,
,,,01.422000000000,   0.01200,
,,,01.424000000000,   0.01200,
,,,01.426000000000,   0.00400,
,,,01.428000000000,   0.01600,
,,,01.430000000000,   0.01200,
,,,01.432000000000,   0.01600,
,,,01.434000000000,   0.01200,
,,,01.436000000000,   0.01600,
,,,01.438000000000,   0.01600,
,,,01.440000000000,   0.01600,
,,,01.442000000000,   0.01200,
,,,01.444000000000,   0.01600,
,,,01.446000000000,   0.01600,
,,,01.448000000000,   0.01600,
,,,01.450000000000,   0.03200,
,,,01.452000000000,   0.01200,
,,,01.454000000000,   0.02000,
,,,01.456000000000,   0.00800,
,,,01.458000000000,   0.01600,
,,,01.460000000000,   0.01200,
,,,01.462000000000,   0.01200,
,,,01.464000000000,   0.01600,
,,,01.466000000000,   0.01200,
,,,01.468000000000,   0.01600,
,,,01.470000000000,   0.01600,
,,,01.472000000000,   0.01200,
,,,01.474000000000,   0.01200,
,,,01.476000000000,   0.02000,
,,,01.478000000000,   0.01200,
,,,01.480000000000,   0.01200,
,,,01.482000000000,   0.01200,
,,,01.484000000000,   0.01200,
,,,01.486000000000,   0.01600,
,,,01.488000000000,   0.01200,
,,,01.490000000000,   0.01200,
,,,01.492000000000,   0.01200,
,,,01.494000000000,   0.01200,
,,,01.496000000000,   0.01200,
,,,01.498000000000,   0.01600,
,,,01.500000000000,   0.14800,
,,,01.502000000000,   0.01600,
,,,01.504000000000,   0.01200,
,,,01.506000000000,   0.01600,
,,,01.508000000000,   0.01200,
,,,01.510000000000,   0.01600,
,,,01.512000000000,   0.03200,
,,,01.514000000000,   0.01600,
,,,01.516000000000,   0.01600,
,,,01.518000000000,   0.01600,
,,,01.520000000000,   0.01600,
,,,01.522000000000,   0.01600,
,,,01.524000000000,   0.01600,
,,,01.526000000000,   0.01600,
,,,01.528000000000,   0.01600,
,,,01.530000000000,   0.01200,
,,,01.532000000000,   0.02000,
,,,01.534000000000,   0.01200,
,,,01.536000000000,   0.01200,
,,,01.538000000000,   0.01600,
,,,01.540000000000,   0.01600,
,,,01.542000000000,   0.01200,
,,,01.544000000000,   0.01200,
,,,01.546000000000,   0.01600,
,,,01.548000000000,   0.01200,
,,,01.550000000000,   0.01600,
,,,01.552000000000,   0.01200,
,,,01.554000000000,   0.01200,
,,,01.556000000000,   0.01600,
,,,01.558000000000,   0.01600,
,,,01.560000000000,   0.01200,
,,,01.562000000000,   0.01200,
,,,01.564000000000,   0.01200,
,,,01.566000000000,   0.01600,
,,,01.568000000000,   0.00400,
,,,01.570000000000,   0.01200,
,,,01.572000000000,   0.01600,
,,,01.574000000000,   0.01200,
,,,01.576000000000,   0.01200,
,,,01.578000000000,   0.02000,
,,,01.580000000000,   0.01200,
,,,01.582000000000,   0.01200,
,,,01.584000000000,   0.02000,
,,,01.586000000000,   0.02000,
,,,01.588000000000,   0.02000,
,,,01.590000000000,   0.01600,
,,,01.592000000000,   0.00800,
,,,01.594000000000,   0.01200,
,,,01.596000000000,   0.01200,
,,,01.598000000000,   0.02400,
,,,01.600000000000,   0.02400,
,,,01.602000000000,   0.01200,
,,,01.604000000000,   0.01200,
,,,01.606000000000,   0.00800,
,,,01.608000000000,   0.02000,
,,,01.610000000000,   0.01200,
,,,01.612000000000,   0.01200,
,,,01.614000000000,   0.02000,
,,,01.616000000000,   0.01200,
,,,01.618000000000,   0.01200,
,,,01.620000000000,   0.02800,
,,,01.622000000000,   0.02000,
,,,01.624000000000,  -0.01200,
,,,01.626000000000,   0.01200,
,,,01.628000000000,   0.01200,
,,,01.630000000000,   0.02000,
,,,01.632000000000,   0.01200,
,,,01.634000000000,   0.02000,
,,,01.636000000000,   0.01200,
,,,01.638000000000,   0.01200,
,,,01.640000000000,   0.01200,
,,,01.642000000000,   0.01600,
,,,01.644000000000,   0.01200,
,,,01.646000000000,   0.01600,
,,,01.648000000000,   0.01200,
,,,01.650000000000,   0.01600,
,,,01.652000000000,   0.02000,
,,,01.654000000000,   0.01600,
,,,01.656000000000,   0.01600,
,,,01.658000000000,   0.01200,
,,,01.660000000000,   0.00400,
,,,01.662000000000,   0.01200,
,,,01.664000000000,   0.01600,
,,,01.666000000000,   0.01600,
,,,01.668000000000,   0.01200,
,,,01.670000000000,   0.01200,
,,,01.672000000000,   0.02000,
,,,01.674000000000,   0.02000,
,,,01.676000000000,   0.01200,
,,,01.678000000000,   0.01600,
,,,01.680000000000,   0.00800,
,,,01.682000000000,   0.01600,
,,,01.684000000000,   0.01200,
,,,01.686000000000,   0.01600,
,,,01.688000000000,   0.02000,
,,,01.690000000000,   0.01200,
,,,01.692000000000,   0.01200,
,,,01.694000000000,   0.02000,
,,,01.696000000000,   0.01600,
,,,01.698000000000,   0.01200,
,,,01.700000000000,   0.01200,
,,,01.702000000000,   0.01600,
,,,01.704000000000,   0.01600,
,,,01.706000000000,   0.01200,
,,,01.708000000000,   0.01200,
,,,01.710000000000,   0.01200,
,,,01.712000000000,   0.01600,
,,,01.714000000000,   0.00800,
,,,01.716000000000,   0.01200,
,,,01.718000000000,   0.01600,
,,,01.720000000000,   0.00800,
,,,01.722000000000,   0.02000,
,,,01.724000000000,   0.01600,
,,,01.726000000000,   0.01600,
,,,01.728000000000,   0.01200,
,,,01.730000000000,   0.01200,
,,,01.732000000000,  -0.00800,
,,,01.734000000000,   0.01200,
,,,01.736000000000,   0.01200,
,,,01.738000000000,   0.01200,
,,,01.740000000000,   0.01600,
,,,01.742000000000,   0.01600,
,,,01.744000000000,   0.01200,
,,,01.746000000000,   0.01200,
,,,01.748000000000,   0.01200,
,,,01.750000000000,   0.12400,
,,,01.752000000000,   0.01600,
,,,01.754000000000,   0.01200,
,,,01.756000000000,   0.01600,
,,,01.758000000000,   0.02000,
,,,01.760000000000,   0.01200,
,,,01.762000000000,   0.01600,
,,,01.764000000000,   0.01200,
,,,01.766000000000,   0.01200,
,,,01.768000000000,   0.01600,
,,,01.770000000000,   0.01200,
,,,01.772000000000,   0.02000,
,,,01.774000000000,   0.00400,
,,,01.776000000000,   0.01600,
,,,01.778000000000,   0.01600,
,,,01.780000000000,   0.02000,
,,,01.782000000000,   0.01200,
,,,01.784000000000,   0.01200,
,,,01.786000000000,   0.01200,
,,,01.788000000000,   0.01200,
,,,01.790000000000,   0.01600,
,,,01.792000000000,   0.01200,
,,,01.794000000000,   0.03200,
,,,01.796000000000,   0.01600,
,,,01.798000000000,   0.01200,
,,,01.800000000000,   0.00800,
,,,01.802000000000,   0.01200,
,,,01.804000000000,   0.01600,
,,,01.806000000000,   0.01200,
,,,01.808000000000,   0.01600,
,,,01.810000000000,   0.01200,
,,,01.812000000000,   0.01200,
,,,01.814000000000,   0.01600,
,,,01.816000000000,   0.01200,
,,,01.818000000000,   0.01600,
,,,01.820000000000,   0.01200,
,,,01.822000000000,   0.01200,
,,,01.824000000000,   0.01200,
,,,01.826000000000,   0.01600,
,,,01.828000000000,   0.01200,
,,,01.830000000000,   0.01200,
,,,01.832000000000,   0.02000,
,,,01.834000000000,   0.01200,
,,,01.836000000000,   0.01600,
,,,01.838000000000,   0.01200,
,,,01.840000000000,   0.01600,
,,,01.842000000000,   0.01200,
,,,01.844000000000,   0.01200,
,,,01.846000000000,   0.01200,
,,,01.848000000000,   0.02400,
,,,01.850000000000,   0.01200,
,,,01.852000000000,   0.01200,
,,,01.854000000000,   0.02000,
,,,01.856000000000,   0.01200,
,,,01.858000000000,   0.01200,
,,,01.860000000000,   0.01200,
,,,01.862000000000,   0.01200,
,,,01.864000000000,   0.01600,
,,,01.866000000000,   0.01600,
,,,01.868000000000,   0.01600,
,,,01.870000000000,   0.01200,
,,,01.872000000000,   0.01200,
,,,01.874000000000,   0.01600,
,,,01.876000000000,   0.01200,
,,,01.878000000000,   0.02400,
,,,01.880000000000,   0.01200,
,,,01.882000000000,   0.01600,
,,,01.884000000000,   0.01200,
,,,01.886000000000,   0.01200,
,,,01.888000000000,   0.01600,
,,,01.890000000000,   0.01200,
,,,01.892000000000,   0.01200,
,,,01.894000000000,   0.01600,
,,,01.896000000000,   0.01200,
,,,01.898000000000,   0.01600,
,,,01.900000000000,   0.00800,
,,,01.902000000000,   0.02800,
,,,01.904000000000,   0.02000,
,,,01.906000000000,   0.01200,
,,,01.908000000000,   0.01200,
,,,01.910000000000,   0.00800,
,,,01.912000000000,   0.01600,
,,,01.914000000000,   0.01200,
,,,01.916000000000,   0.01200,
,,,01.918000000000,   0.01200,
,,,01.920000000000,   0.01200,
,,,01.922000000000,   0.01200,
,,,01.924000000000,   0.01200,
,,,01.926000000000,   0.01200,
,,,01.928000000000,   0.02000,
,,,01.930000000000,   0.01200,
,,,01.932000000000,   0.01600,
,,,01.934000000000,   0.01200,
,,,01.936000000000,   0.01200,
,,,01.938000000000,   0.01200,
,,,01.940000000000,   0.01600,
,,,01.942000000000,   0.01600,
,,,01.944000000000,   0.01200,
,,,01.946000000000,   0.01200,
,,,01.948000000000,   0.01200,
,,,01.950000000000,   0.02000,
,,,01.952000000000,   0.01600,
,,,01.954000000000,   0.01200,
,,,01.956000000000,   0.02400,
,,,01.958000000000,   0.01200,
,,,01.960000000000,   0.00800,
,,,01.962000000000,   0.02000,
,,,01.964000000000,   0.01600,
,,,01.966000000000,   0.00800,
,,,01.968000000000,   0.01600,
,,,01.970000000000,   0.01200,
,,,01.972000000000,   0.01600,
,,,01.974000000000,   0.01600,
,,,01.976000000000,   0.00800,
,,,01.978000000000,   0.01600,
,,,01.980000000000,   0.01600,
,,,01.982000000000,   0.00800,
,,,01.984000000000,   0.01600,
,,,01.986000000000,   0.01600,
,,,01.988000000000,   0.01600,
,,,01.990000000000,   0.02000,
,,,01.992000000000,   0.01600,
,,,01.994000000000,   0.01200,
,,,01.996000000000,   0.01200,
,,,01.998000000000,   0.01200,
,,,02.000000000000,   0.14000,
,,,02.002000000000,   0.01600,
,,,02.004000000000,   0.02000,
,,,02.006000000000,   0.01600,
,,,02.008000000000,   0.01200,
,,,02.010000000000,   0.00800,
,,,02.012000000000,   0.01200,
,,,02.014000000000,   0.02400,
,,,02.016000000000,   0.01200,
,,,02.018000000000,   0.01600,
,,,02.020000000000,   0.01200,
,,,02.022000000000,   0.04800,
,,,02.024000000000,   0.01600,
,,,02.026000000000,   0.01600,
,,,02.028000000000,   0.00800,
,,,02.030000000000,   0.01600,
,,,02.032000000000,   0.01200,
,,,02.034000000000,   0.01600,
,,,02.036000000000,   0.01200,
,,,02.038000000000,   0.00800,
,,,02.040000000000,   0.01200,
,,,02.042000000000,   0.02000,
,,,02.044000000000,   0.01200,
,,,02.046000000000,   0.01600,
,,,02.048000000000,   0.01600,
,,,02.050000000000,   0.01600,
,,,02.052000000000,   0.01200,
,,,02.054000000000,   0.02000,
,,,02.056000000000,   0.01200,
,,,02.058000000000,   0.01200,
,,,02.060000000000,   0.01600,
,,,02.062000000000,   0.01600,
,,,02.064000000000,   0.01600,
,,,02.066000000000,   0.01600,
,,,02.068000000000,   0.01600,
,,,02.070000000000,   0.01600,
,,,02.072000000000,   0.01200,
,,,02.074000000000,   0.01200,
,,,02.076000000000,   0.04400,
,,,02.078000000000,   0.00800,
,,,02.080000000000,   0.01600,
,,,02.082000000000,   0.01200,
,,,02.084000000000,   0.01200,
,,,02.086000000000,   0.01200,
,,,02.088000000000,   0.00800,
,,,02.090000000000,   0.01200,
,,,02.092000000000,   0.01200,
,,,02.094000000000,   0.01200,
,,,02.096000000000,   0.01600,
,,,02.098000000000,   0.01200,
,,,02.100000000000,   0.01200,
,,,02.102000000000,   0.01200,
,,,02.104000000000,   0.01200,
,,,02.106000000000,   0.01200,
,,,02.108000000000,   0.01200,
,,,02.110000000000,   0.01200,
,,,02.112000000000,   0.01600,
,,,02.114000000000,   0.01200,
,,,02.116000000000,   0.01600,
,,,02.118000000000,   0.01200,
,,,02.120000000000,   0.02000,
,,,02.122000000000,   0.00800,
,,,02.124000000000,   0.00800,
,,,02.126000000000,   0.01200,
,,,02.128000000000,   0.01200,
,,,02.130000000000,   0.04400,
,,,02.132000000000,   0.02000,
,,,02.134000000000,   0.00800,
,,,02.136000000000,   0.01200,
,,,02.138000000000,   0.01200,
,,,02.140000000000,   0.01600,
,,,02.142000000000,   0.01600,
,,,02.144000000000,   0.01200,
,,,02.146000000000,   0.01200,
,,,02.148000000000,   0.02000,
,,,02.150000000000,   0.00800,
,,,02.152000000000,   0.01600,
,,,02.154000000000,   0.01200,
,,,02.156000000000,   0.00800,
,,,02.158000000000,   0.01200,
,,,02.160000000000,   0.01200,
,,,02.162000000000,   0.01200,
,,,02.164000000000,   0.01600,
,,,02.166000000000,   0.00800,
,,,02.168000000000,   0.01200,
,,,02.170000000000,   0.01200,
,,,02.172000000000,   0.01200,
,,,02.174000000000,   0.01200,
,,,02.176000000000,   0.01600,
,,,02.178000000000,   0.02000,
,,,02.180000000000,   0.01200,
,,,02.182000000000,   0.01200,
,,,02.184000000000,   0.03200,
,,,02.186000000000,   0.01200,
,,,02.188000000000,   0.00400,
,,,02.190000000000,   0.01200,
,,,02.192000000000,   0.01600,
,,,02.194000000000,   0.01200,
,,,02.196000000000,   0.01600,
,,,02.198000000000,   0.01200,
,,,02.200000000000,   0.01600,
,,,02.202000000000,   0.02000,
,,,02.204000000000,   0.01200,
,,,02.206000000000,   0.01200,
,,,02.208000000000,   0.01600,
,,,02.210000000000,   0.01200,
,,,02.212000000000,   0.01200,
,,,02.214000000000,   0.01200,
,,,02.216000000000,   0.01600,
,,,02.218000000000,   0.01200,
,,,02.220000000000,   0.01200,
,,,02.222000000000,   0.01200,
,,,02.224000000000,   0.01600,
,,,02.226000000000,   0.01600,
,,,02.228000000000,   0.01600,
,,,02.230000000000,   0.01600,
,,,02.232000000000,   0.01200,
,,,02.234000000000,   0.01200,
,,,02.236000000000,   0.02000,
,,,02.238000000000,   0.02800,
,,,02.240000000000,   0.02000,
,,,02.242000000000,   0.01200,
,,,02.244000000000,   0.01200,
,,,02.246000000000,   0.01600,
,,,02.248000000000,   0.01200,
,,,02.250000000000,   0.13600,
,,,02.252000000000,   0.02400,
,,,02.254000000000,   0.00800,
,,,02.256000000000,   0.02000,
,,,02.258000000000,   0.01200,
,,,02.260000000000,   0.01600,
,,,02.262000000000,   0.01600,
,,,02.264000000000,   0.01600,
,,,02.266000000000,   0.01600,
,,,02.268000000000,   0.01600,
,,,02.270000000000,   0.01200,
,,,02.272000000000,   0.01200,
,,,02.274000000000,   0.01600,
,,,02.276000000000,   0.01600,
,,,02.278000000000,   0.01600,
,,,02.280000000000,   0.01200,
,,,02.282000000000,   0.01600,
,,,02.284000000000,   0.01200,
,,,02.286000000000,   0.01600,
,,,02.288000000000,   0.01200,
,,,02.290000000000,   0.01200,
,,,02.292000000000,   0.01200,
,,,02.294000000000,   0.01200,
,,,02.296000000000,   0.01200,
,,,02.298000000000,   0.01600,
,,,02.300000000000,   0.01200,
,,,02.302000000000,   0.01200,
,,,02.304000000000,   0.00400,
,,,02.306000000000,   0.02000,
,,,02.308000000000,   0.01600,
,,,02.310000000000,   0.00800,
,,,02.312000000000,   0.02000,
,,,02.314000000000,   0.01600,
,,,02.316000000000,   0.01600,
,,,02.318000000000,   0.01200,
,,,02.320000000000,   0.01600,
,,,02.322000000000,   0.01200,
,,,02.324000000000,   0.01200,
,,,02.326000000000,   0.01200,
,,,02.328000000000,   0.01200,
,,,02.330000000000,   0.01600,
,,,02.332000000000,   0.01600,
,,,02.334000000000,   0.01200,
,,,02.336000000000,   0.01200,
,,,02.338000000000,   0.01200,
,,,02.340000000000,   0.01200,
,,,02.342000000000,   0.00800,
,,,02.344000000000,   0.01200,
,,,02.346000000000,   0.01200,
,,,02.348000000000,   0.01200,
,,,02.350000000000,   0.01600,
,,,02.352000000000,   0.01600,
,,,02.354000000000,   0.02000,
,,,02.356000000000,   0.01600,
,,,02.358000000000,   0.04800,
,,,02.360000000000,   0.01200,
,,,02.362000000000,   0.02000,
,,,02.364000000000,   0.01200,
,,,02.366000000000,   0.01600,
,,,02.368000000000,   0.01200,
,,,02.370000000000,   0.01200,
,,,02.372000000000,   0.01200,
,,,02.374000000000,   0.01600,
,,,02.376000000000,   0.01600,
,,,02.378000000000,   0.01200,
,,,02.380000000000,   0.01600,
,,,02.382000000000,   0.01600,
,,,02.384000000000,   0.01200,
,,,02.386000000000,   0.01200,
,,,02.388000000000,   0.01600,
,,,02.390000000000,   0.01200,
,,,02.392000000000,   0.01600,
,,,02.394000000000,   0.01200,
,,,02.396000000000,   0.01600,
,,,02.398000000000,   0.00800,
,,,02.400000000000,   0.01600,
,,,02.402000000000,   0.01600,
,,,02.404000000000,   0.01200,
,,,02.406000000000,   0.01600,
,,,02.408000000000,   0.02000,
,,,02.410000000000,   0.00800,
,,,02.412000000000,   0.00000,
,,,02.414000000000,   0.01200,
,,,02.416000000000,   0.01200,
,,,02.418000000000,   0.01200,
,,,02.420000000000,   0.01200,
,,,02.422000000000,   0.02000,
,,,02.424000000000,   0.01600,
,,,02.426000000000,   0.01200,
,,,02.428000000000,   0.01600,
,,,02.430000000000,   0.01600,
,,,02.432000000000,   0.01600,
,,,02.434000000000,   0.01600,
,,,02.436000000000,   0.02000,
,,,02.438000000000,   0.01600,
,,,02.440000000000,   0.01200,
,,,02.442000000000,   0.01200,
,,,02.444000000000,   0.02000,
,,,02.446000000000,   0.01200,
,,,02.448000000000,   0.01200,
,,,02.450000000000,   0.01600,
,,,02.452000000000,   0.01200,
,,,02.454000000000,   0.01600,
,,,02.456000000000,   0.01200,
,,,02.458000000000,   0.01200,
,,,02.460000000000,   0.02000,
,,,02.462000000000,   0.01600,
,,,02.464000000000,   0.02000,
,,,02.466000000000,   0.04400,
,,,02.468000000000,   0.01600,
,,,02.470000000000,   0.01600,
,,,02.472000000000,   0.01200,
,,,02.474000000000,   0.01600,
,,,02.476000000000,   0.01200,
,,,02.478000000000,   0.01200,
